address_id,line1,city,region,country,address_type
AD100277,6982 Walnut Rd,Columbus,OH,US,residential
AD100585,692 Park Blvd,Nashville,TN,US,residential
AD100697,493 Grove Rd,Columbus,OH,US,commercial
AD101045,9194 Lake Blvd,Nashville,TN,US,residential
AD101945,5301 Valley Ct,Austin,TX,US,residential
AD102126,9798 Highland Ct,Phoenix,AZ,US,residential
AD103437,874 Madison Dr,Newark,NJ,US,residential
AD104198,1461 Elm Dr,Tampa,FL,US,residential
AD104871,4590 Canyon Pl,Phoenix,AZ,US,residential
AD105029,8499 Broad Ln,Tampa,FL,US,commercial
AD106477,7947 Park Pl,Tampa,FL,US,residential
AD106619,8137 Pine Blvd,Austin,TX,US,residential
AD106625,4843 Meadow Dr,Portland,OR,US,residential
AD106889,5916 Center Way,Tampa,FL,US,residential
AD107593,1125 Franklin Ave,Austin,TX,US,residential
AD108482,2503 Mill St,Phoenix,AZ,US,residential
AD108597,485 Canyon Ln,Phoenix,AZ,US,residential
AD108788,5966 Washington Ln,Minneapolis,MN,US,residential
AD110311,26 Birch Way,Denver,CO,US,residential
AD110315,8110 Prospect Rd,Nashville,TN,US,residential
AD110608,5681 Harbor Pl,Portland,OR,US,residential
AD110953,8142 Mill Rd Ste 363,Minneapolis,MN,US,commercial
AD111213,1517 Lakeview Ln,Las Vegas,NV,US,residential
AD111310,3957 Park Ave,Phoenix,AZ,US,residential
AD111435,489 River Rd,Newark,NJ,US,residential
AD111994,3230 Cedar St,Sacramento,CA,US,residential
AD112740,5133 Park Way,Austin,TX,US,residential
AD113487,3134 Harbor Blvd,Tampa,FL,US,residential
AD115152,8895 River St,Minneapolis,MN,US,residential
AD115540,7297 River Way Ste 676,Sacramento,CA,US,commercial
AD116077,3220 Union Ave,Phoenix,AZ,US,residential
AD116458,1246 Mill Blvd,Columbus,OH,US,residential
AD116699,865 Chestnut Pl,Las Vegas,NV,US,residential
AD116770,2432 Prospect St,Nashville,TN,US,residential
AD118180,3669 Washington St,Nashville,TN,US,residential
AD118240,8233 Jefferson Dr,Denver,CO,US,residential
AD118991,2855 Prospect Ln,Denver,CO,US,residential
AD119124,2986 Park Ave,Raleigh,NC,US,commercial
AD119635,377 Church Pl,Denver,CO,US,residential
AD119708,"51 Harbour Chambers, Level 2",Panama,PA,PA,registered_agent
AD120047,4680 Madison Dr,Phoenix,AZ,US,residential
AD120189,8944 Mill Ln,Portland,OR,US,residential
AD120515,9700 Aspen Blvd,Columbus,OH,US,residential
AD120524,5575 Lake Blvd,Austin,TX,US,commercial
AD120589,3179 Washington Blvd,Minneapolis,MN,US,residential
AD120711,2267 Center Ave,Minneapolis,MN,US,residential
AD120886,1473 Forest Ave,Tampa,FL,US,residential
AD121381,9113 Jefferson Way,Tampa,FL,US,residential
AD121823,3801 Canyon Ave,Columbus,OH,US,residential
AD122405,7760 Cherry Ct,Las Vegas,NV,US,residential
AD122668,7642 Grove St,Columbus,OH,US,residential
AD122752,5962 Main Ave,Austin,TX,US,commercial
AD122859,1351 Cherry St,Raleigh,NC,US,residential
AD124133,8321 Sunset Blvd,Phoenix,AZ,US,residential
AD124338,5643 Oak Blvd,Columbus,OH,US,residential
AD124445,7065 Harbor Pl,Tampa,FL,US,residential
AD124605,2151 Washington Blvd,Raleigh,NC,US,commercial
AD125464,2747 Prospect Ct Ste 264,Phoenix,AZ,US,commercial
AD126274,9141 Highland Way,Denver,CO,US,residential
AD126621,2664 Sunset Ct,Portland,OR,US,residential
AD126833,6698 Ridge Blvd Ste 335,Tampa,FL,US,commercial
AD126955,3323 Maple Ln,Columbus,OH,US,residential
AD127300,5993 Park St,Columbus,OH,US,residential
AD128048,6078 Union Ct,Denver,CO,US,residential
AD128304,6484 Pine Ln Ste 636,Phoenix,AZ,US,commercial
AD129985,7914 Lake Dr,Las Vegas,NV,US,residential
AD130201,1781 Jefferson Ave,Denver,CO,US,residential
AD130603,2652 Canyon Blvd Ste 374,Tampa,FL,US,commercial
AD130623,9396 Prospect Way,Raleigh,NC,US,commercial
AD130813,6865 Maple Way,Phoenix,AZ,US,commercial
AD131347,4275 Franklin Ave Ste 379,Austin,TX,US,commercial
AD131463,1986 Lake Way,Tampa,FL,US,residential
AD132587,1602 Lincoln Ln,Denver,CO,US,residential
AD132838,1889 Lakeview Rd,Portland,OR,US,residential
AD133000,6443 Cedar Ln,Tampa,FL,US,residential
AD133139,1929 Mesa Ln,Denver,CO,US,residential
AD134183,7614 Cedar Dr,Austin,TX,US,residential
AD134695,3232 Market Rd,Columbus,OH,US,residential
AD134993,5384 Prospect Ct,Austin,TX,US,residential
AD136003,8893 Prospect Blvd,Portland,OR,US,residential
AD138387,6246 Market Dr,Columbus,OH,US,residential
AD138409,4246 Maple Way,Austin,TX,US,residential
AD140014,3264 Sunset Blvd Ste 670,Newark,NJ,US,commercial
AD140770,4149 Sunset Blvd,Minneapolis,MN,US,residential
AD140884,5721 Spring Rd,Las Vegas,NV,US,residential
AD140932,2055 Church Dr,Minneapolis,MN,US,residential
AD141586,7600 Lake Ave,Denver,CO,US,residential
AD141855,4704 Grove Blvd,Tampa,FL,US,residential
AD142481,7915 Madison St,Tampa,FL,US,residential
AD142839,324 Valley Blvd,Nashville,TN,US,residential
AD144075,5836 Ridge Way,Raleigh,NC,US,residential
AD144262,9248 Birch St,Denver,CO,US,residential
AD145090,3536 Spring Way,Nashville,TN,US,residential
AD145849,3884 Church Dr,Austin,TX,US,residential
AD146226,8591 Hill St,Sacramento,CA,US,residential
AD147122,1211 Meadow Ave,Denver,CO,US,residential
AD149121,169 Ridge Blvd,Sacramento,CA,US,residential
AD149209,4102 Sunset Ct,Phoenix,AZ,US,residential
AD149458,1733 Harbor Blvd,Sacramento,CA,US,residential
AD149898,6441 Hill Pl,Columbus,OH,US,residential
AD151730,6103 Harbor Blvd,Phoenix,AZ,US,residential
AD152777,2478 Mill Way,Sacramento,CA,US,residential
AD152795,4949 Willow Ln,Columbus,OH,US,residential
AD152896,6122 Church St,Minneapolis,MN,US,residential
AD153404,1640 Madison St,Newark,NJ,US,residential
AD153829,7252 Highland Way,Sacramento,CA,US,residential
AD154347,3735 Mill Blvd,Raleigh,NC,US,residential
AD157543,9581 Mill Ct,Raleigh,NC,US,residential
AD157969,550 Highland St,Nashville,TN,US,residential
AD158856,4858 Church Dr Ste 744,Sacramento,CA,US,commercial
AD159274,2869 Broad Ct,Austin,TX,US,residential
AD159938,2746 Maple Ln,Phoenix,AZ,US,residential
AD160192,1248 Lincoln Ln,Phoenix,AZ,US,commercial
AD160828,9686 Center Ct,Raleigh,NC,US,residential
AD161580,6025 Park Blvd,Raleigh,NC,US,residential
AD162406,3500 Jefferson Way,Columbus,OH,US,residential
AD163134,7133 Forest Dr,Austin,TX,US,residential
AD163257,6389 Forest Ct,Tampa,FL,US,residential
AD164138,2737 Sunset Way,Nashville,TN,US,residential
AD164309,7537 Walnut Rd,Portland,OR,US,residential
AD165513,2735 Spring Blvd Ste 570,Las Vegas,NV,US,commercial
AD165891,3405 Prospect Way,Raleigh,NC,US,commercial
AD166045,6072 Mill Dr,Tampa,FL,US,residential
AD166672,7138 Prospect Way,Austin,TX,US,commercial
AD166968,7939 Mill Way,Minneapolis,MN,US,residential
AD168733,7506 Canyon Dr,Las Vegas,NV,US,commercial
AD169402,3683 Hill Rd,Portland,OR,US,residential
AD169561,8101 Aspen Pl,Columbus,OH,US,residential
AD170778,2740 Madison Ct,Las Vegas,NV,US,residential
AD171485,8343 Lake St,Columbus,OH,US,residential
AD172318,6336 Canyon Pl,Portland,OR,US,residential
AD173052,3092 Willow St,Nashville,TN,US,residential
AD173829,9577 Main Rd,Columbus,OH,US,residential
AD174088,1886 Market Rd,Nashville,TN,US,residential
AD174089,5419 Aspen Pl,Phoenix,AZ,US,residential
AD174395,9331 Harbor Way,Denver,CO,US,residential
AD174697,29 Forest Ln Ste 910,Nashville,TN,US,commercial
AD174720,6176 Grove Rd,Tampa,FL,US,residential
AD175936,6702 Union St,Minneapolis,MN,US,residential
AD177489,128 Elm Rd,Columbus,OH,US,commercial
AD178666,8884 Lincoln St,Austin,TX,US,commercial
AD179299,4728 Washington Ave,Phoenix,AZ,US,residential
AD181107,2148 Prospect Rd,Minneapolis,MN,US,commercial
AD181528,6257 Valley Rd,Phoenix,AZ,US,residential
AD182080,4583 Walnut St Ste 130,Tampa,FL,US,commercial
AD183077,3634 Broad Ave,Portland,OR,US,residential
AD183939,6779 Meadow Rd,Las Vegas,NV,US,residential
AD183945,3772 Pine Blvd Ste 472,Nashville,TN,US,commercial
AD183994,4837 Pine St,Sacramento,CA,US,residential
AD185700,9425 River Ct,Nashville,TN,US,commercial
AD185906,1858 Ridge Ave,Sacramento,CA,US,residential
AD186325,3607 River Blvd,Nashville,TN,US,residential
AD186743,2718 Washington Rd,Nashville,TN,US,commercial
AD187292,2080 Aspen Dr,Denver,CO,US,residential
AD188002,6560 Cedar Pl,Austin,TX,US,residential
AD188724,2217 Lake Ln Ste 335,Tampa,FL,US,commercial
AD191790,1231 Prospect Blvd,Tampa,FL,US,residential
AD192454,6501 Mesa Blvd,Portland,OR,US,residential
AD192680,2412 Ridge St,Columbus,OH,US,residential
AD193432,2574 Mill Dr,Raleigh,NC,US,residential
AD195161,820 Main Blvd,Phoenix,AZ,US,residential
AD195932,4099 Oak Ct,Austin,TX,US,commercial
AD196594,4986 Hill Ave,Raleigh,NC,US,residential
AD199660,5753 Oak Ln,Phoenix,AZ,US,commercial
AD200943,8865 Broad Way,Denver,CO,US,residential
AD200946,9000 Pine St,Phoenix,AZ,US,commercial
AD201086,4089 Main Ln Ste 424,Newark,NJ,US,commercial
AD202900,2343 Church Blvd,Sacramento,CA,US,residential
AD203546,1252 Lake St,Tampa,FL,US,residential
AD203764,8218 Cherry Way,Phoenix,AZ,US,residential
AD203975,3129 Aspen Way Ste 798,Denver,CO,US,commercial
AD204563,5823 Pine Way Ste 576,Tampa,FL,US,commercial
AD205054,930 Jefferson Pl,Phoenix,AZ,US,residential
AD205063,6865 Willow St,Austin,TX,US,residential
AD205154,2854 Grove Ave,Austin,TX,US,residential
AD206113,558 Meadow Rd,Phoenix,AZ,US,residential
AD206455,4537 Franklin Rd,Phoenix,AZ,US,residential
AD207776,4247 Oak Ave,Tampa,FL,US,commercial
AD208835,1970 Hill Rd,Phoenix,AZ,US,residential
AD209872,2958 Willow Blvd,Austin,TX,US,residential
AD210219,7871 Jefferson Rd,Denver,CO,US,residential
AD210388,5054 Center Ave,Columbus,OH,US,residential
AD212570,8955 Willow St,Portland,OR,US,residential
AD212667,6361 Market Way,Sacramento,CA,US,residential
AD212703,1273 Cherry Blvd,Nashville,TN,US,residential
AD212744,7114 Harbor St,Raleigh,NC,US,residential
AD213429,7755 Canyon Way,Sacramento,CA,US,residential
AD213499,8473 River Ave,Newark,NJ,US,residential
AD213874,4781 River St,Tampa,FL,US,residential
AD214457,4437 Canyon Ln,Nashville,TN,US,residential
AD214575,8753 Union Way,Tampa,FL,US,commercial
AD214960,4617 Lake Ave,Phoenix,AZ,US,residential
AD215194,3505 Mill Rd Ste 415,Denver,CO,US,commercial
AD216399,7804 Broad Pl,Columbus,OH,US,residential
AD218576,7173 Prospect Ct Ste 133,Raleigh,NC,US,commercial
AD219792,7410 Lakeview Ave,Phoenix,AZ,US,residential
AD220274,771 Mill Ln Ste 796,Columbus,OH,US,commercial
AD220593,2380 Union Pl,Tampa,FL,US,residential
AD220631,1606 Ridge Rd,Sacramento,CA,US,residential
AD221523,1877 Washington Ave,Sacramento,CA,US,residential
AD221905,1392 Canyon Ln,Las Vegas,NV,US,residential
AD222048,4470 Market Way,Nashville,TN,US,residential
AD222797,8506 Madison St,Las Vegas,NV,US,residential
AD222976,4093 Main Blvd,Nashville,TN,US,commercial
AD223077,3084 Broad Dr,Portland,OR,US,residential
AD223520,1569 Center Ct,Columbus,OH,US,residential
AD223966,9042 Union Ct,Phoenix,AZ,US,residential
AD226063,5436 Cedar Ave,Austin,TX,US,commercial
AD226210,8610 Union Ln,Columbus,OH,US,commercial
AD226571,8996 Market Pl,Austin,TX,US,residential
AD227302,6401 Chestnut Rd,Tampa,FL,US,residential
AD229200,711 Sunset St,Minneapolis,MN,US,commercial
AD230160,8211 Pine Ct,Nashville,TN,US,residential
AD230183,7861 Jefferson Way,Phoenix,AZ,US,residential
AD231056,7914 Prospect Pl,Columbus,OH,US,residential
AD231357,9648 Valley Blvd,Tampa,FL,US,residential
AD231879,6408 Harbor Dr,Tampa,FL,US,residential
AD232608,5862 Church Pl,Newark,NJ,US,residential
AD233236,3596 Union Ave,Portland,OR,US,residential
AD237667,4645 Mesa Ave,Columbus,OH,US,residential
AD237716,4286 Church Dr,Sacramento,CA,US,residential
AD238903,840 Prospect Ct,Minneapolis,MN,US,commercial
AD238960,976 Park Ave,Portland,OR,US,residential
AD239496,"45 Harbour Chambers, Level 2",Belize,BZ,BZ,registered_agent
AD239907,9377 Valley Ct,Tampa,FL,US,residential
AD240086,8987 Prospect Blvd,Portland,OR,US,residential
AD241954,5785 Ridge Pl,Denver,CO,US,residential
AD242342,2990 River Ct,Sacramento,CA,US,residential
AD243832,7310 Ridge Way,Newark,NJ,US,residential
AD244159,9548 Center Ct,Portland,OR,US,residential
AD244313,3206 Lake Blvd,Sacramento,CA,US,residential
AD244544,5876 Union St,Columbus,OH,US,commercial
AD246452,4414 Pine Ave,Tampa,FL,US,residential
AD246972,8852 Cherry Rd,Phoenix,AZ,US,residential
AD248296,4317 Center Blvd,Austin,TX,US,commercial
AD248704,6680 Market Ave,Tampa,FL,US,residential
AD248832,5399 Birch Dr,Portland,OR,US,residential
AD250473,9679 Franklin Blvd,Portland,OR,US,residential
AD250485,1054 Pine Blvd,Las Vegas,NV,US,residential
AD251279,3554 Lakeview Dr,Denver,CO,US,residential
AD251329,9757 Market Rd,Denver,CO,US,residential
AD251835,3324 Union Ave,Tampa,FL,US,commercial
AD252672,233 Park Ln Ste 181,Denver,CO,US,commercial
AD253264,3944 Canyon Pl,Tampa,FL,US,residential
AD253344,347 Harbor St,Las Vegas,NV,US,residential
AD254686,379 Mesa Ct,Raleigh,NC,US,residential
AD257064,6903 Union Blvd Ste 888,Tampa,FL,US,commercial
AD258494,6846 Ridge Rd,Sacramento,CA,US,residential
AD259019,1147 Park Ln,Portland,OR,US,residential
AD259413,8264 Chestnut Pl,Portland,OR,US,residential
AD260576,7655 Lake Ln,Nashville,TN,US,residential
AD260826,7579 Valley Ct,Sacramento,CA,US,residential
AD261498,2737 Meadow St,Phoenix,AZ,US,residential
AD261736,7374 Madison Dr,Minneapolis,MN,US,residential
AD261902,9242 Center Ln,Austin,TX,US,residential
AD261953,3633 Cherry Pl,Denver,CO,US,residential
AD262557,8423 Highland St,Sacramento,CA,US,residential
AD263755,7730 Cedar Blvd,Phoenix,AZ,US,residential
AD263971,3043 Valley Ave Ste 263,Columbus,OH,US,commercial
AD264765,3419 Market Way,Raleigh,NC,US,residential
AD264866,9800 Market Way,Austin,TX,US,residential
AD265196,5460 Lincoln Ln,Phoenix,AZ,US,residential
AD265353,717 Highland Dr,Phoenix,AZ,US,residential
AD266520,4305 Prospect Pl,Nashville,TN,US,residential
AD266726,1306 Canyon Way,Raleigh,NC,US,residential
AD266804,6013 Jefferson Pl,Tampa,FL,US,residential
AD267109,9487 Washington Ave,Tampa,FL,US,residential
AD267276,4805 Park Ln,Austin,TX,US,commercial
AD269414,758 Jefferson Ave,Tampa,FL,US,commercial
AD270144,558 Center Pl,Sacramento,CA,US,residential
AD271729,317 Broad St,Raleigh,NC,US,residential
AD273101,7148 Valley Rd,Sacramento,CA,US,commercial
AD273254,5824 Sunset Rd,Austin,TX,US,residential
AD273945,5941 Sunset Blvd,Newark,NJ,US,residential
AD274703,5997 Washington Ave,Phoenix,AZ,US,residential
AD275468,3449 Elm Pl,Columbus,OH,US,residential
AD275511,9663 Lakeview Ave,Newark,NJ,US,residential
AD277564,9862 Park Ave,Tampa,FL,US,residential
AD277718,3180 Highland Blvd,Denver,CO,US,residential
AD278399,1813 Madison Way Ste 627,Minneapolis,MN,US,commercial
AD279734,3259 Highland St,Minneapolis,MN,US,residential
AD280055,7921 Cherry Rd Ste 406,Portland,OR,US,commercial
AD280639,8700 Lakeview St,Nashville,TN,US,residential
AD282463,8662 Lakeview Blvd,Austin,TX,US,residential
AD282549,4019 Cedar Blvd,Denver,CO,US,commercial
AD282708,1816 Cherry Pl,Raleigh,NC,US,commercial
AD282936,9808 Meadow Blvd,Raleigh,NC,US,residential
AD284000,8823 Hill Way,Columbus,OH,US,residential
AD284256,7965 Cherry Ct,Portland,OR,US,residential
AD284588,9096 Meadow Way,Minneapolis,MN,US,residential
AD284634,193 Maple Rd,Columbus,OH,US,commercial
AD285259,3943 River Blvd Ste 359,Austin,TX,US,commercial
AD286173,5496 Highland Ave,Phoenix,AZ,US,residential
AD288147,8359 Ridge Way,Portland,OR,US,residential
AD289116,30 Frontier Ave Ste 4,Cheyenne,WY,US,registered_agent
AD290789,5624 Forest Blvd,Columbus,OH,US,residential
AD290940,9321 Lincoln Ln,Newark,NJ,US,residential
AD291885,6230 Walnut Way,Minneapolis,MN,US,residential
AD292622,7504 Birch Dr,Raleigh,NC,US,residential
AD292780,5229 River Ct,Raleigh,NC,US,residential
AD293065,7319 Park Rd,Raleigh,NC,US,residential
AD293528,8013 Hill Ct,Denver,CO,US,residential
AD294110,500 Corporate Plaza Ste 100,Wilmington,DE,US,registered_agent
AD294664,2510 Church Ct,Portland,OR,US,residential
AD294793,9019 Mesa Rd,Portland,OR,US,residential
AD296207,769 Franklin Dr,Raleigh,NC,US,residential
AD296623,7603 Jefferson Rd,Austin,TX,US,residential
AD297297,7172 Harbor Blvd,Minneapolis,MN,US,residential
AD298131,6452 Jefferson Dr,Tampa,FL,US,residential
AD299170,6190 Union St,Tampa,FL,US,residential
AD299258,8297 Cedar St,Newark,NJ,US,residential
AD299488,1706 Mesa Pl,Tampa,FL,US,residential
AD299562,145 Broad Ct,Austin,TX,US,commercial
AD299595,7672 Broad Ln,Denver,CO,US,commercial
AD299735,9749 Pine Ct,Austin,TX,US,residential
AD300625,3933 Prospect Ave,Nashville,TN,US,commercial
AD300897,1060 Walnut St,Columbus,OH,US,residential
AD301152,7019 Broad Pl,Tampa,FL,US,residential
AD301319,7742 Main Pl,Las Vegas,NV,US,residential
AD301774,7617 Spring Dr,Minneapolis,MN,US,residential
AD301786,9847 Prospect Ln,Nashville,TN,US,commercial
AD301819,6495 Cherry Rd,Las Vegas,NV,US,commercial
AD303874,3759 Oak Way,Austin,TX,US,residential
AD304476,9835 Sunset Blvd,Denver,CO,US,residential
AD304655,4862 Walnut Rd,Raleigh,NC,US,commercial
AD305540,9122 Washington Dr,Austin,TX,US,residential
AD305894,6637 Meadow Ave,Sacramento,CA,US,residential
AD305946,8048 Valley Ct,Denver,CO,US,commercial
AD306748,9134 Highland Rd,Nashville,TN,US,residential
AD307142,3590 Madison Ln,Austin,TX,US,residential
AD307448,3435 Spring Ave,Phoenix,AZ,US,residential
AD308071,5313 Union Ave,Denver,CO,US,residential
AD309212,8844 Valley Blvd,Las Vegas,NV,US,residential
AD309229,5588 Elm Way,Austin,TX,US,commercial
AD309333,5412 Cherry Way,Nashville,TN,US,commercial
AD311417,7375 Chestnut Way,Tampa,FL,US,commercial
AD313468,530 Madison Dr,Denver,CO,US,residential
AD313616,1527 Lincoln Blvd,Newark,NJ,US,residential
AD313944,788 Market Blvd,Phoenix,AZ,US,commercial
AD314229,4705 Forest Ct,Minneapolis,MN,US,residential
AD314440,8993 Willow Ln,Nashville,TN,US,residential
AD314537,4680 Cherry Ct,Sacramento,CA,US,residential
AD315306,2365 Chestnut Blvd,Sacramento,CA,US,commercial
AD315901,7187 Walnut St,Phoenix,AZ,US,residential
AD316433,2262 Birch Rd,Minneapolis,MN,US,residential
AD316946,7684 Lakeview Ave,Austin,TX,US,residential
AD318915,9504 Lake Rd,Sacramento,CA,US,residential
AD319490,9761 Cherry Way,Nashville,TN,US,residential
AD320286,7292 Lake Blvd,Tampa,FL,US,residential
AD320359,3376 Madison Blvd,Nashville,TN,US,residential
AD320755,5440 Oak Ln,Tampa,FL,US,residential
AD322272,1149 Broad Ct,Austin,TX,US,residential
AD322776,7384 Madison Pl,Phoenix,AZ,US,residential
AD325237,9179 Park Way,Raleigh,NC,US,residential
AD325544,3220 Market Ave,Minneapolis,MN,US,commercial
AD325692,764 Harbor Ct,Raleigh,NC,US,residential
AD327151,1378 Franklin Rd,Sacramento,CA,US,residential
AD327594,5755 Pine Way Ste 532,Austin,TX,US,commercial
AD328211,9384 Main St Ste 726,Newark,NJ,US,commercial
AD328985,8822 Spring Blvd,Austin,TX,US,residential
AD329025,8535 Grove Rd,Tampa,FL,US,residential
AD329145,6442 Lincoln Way,Portland,OR,US,residential
AD329879,8428 Canyon Blvd,Denver,CO,US,commercial
AD330421,1335 Cedar Ct,Portland,OR,US,residential
AD331894,3634 Canyon Blvd,Sacramento,CA,US,residential
AD332205,3527 Cherry Rd,Phoenix,AZ,US,residential
AD333027,3830 Hill Dr,Austin,TX,US,commercial
AD333979,706 Union Blvd,Tampa,FL,US,residential
AD335519,2894 Elm Rd,Austin,TX,US,commercial
AD337078,3702 Madison Ct,Newark,NJ,US,residential
AD337330,1454 Oak Blvd,Phoenix,AZ,US,residential
AD337816,910 Valley Rd,Newark,NJ,US,residential
AD338134,5905 Canyon Ct,Portland,OR,US,residential
AD338516,5187 Main Blvd,Columbus,OH,US,residential
AD340343,1056 Franklin St,Raleigh,NC,US,residential
AD341709,4103 Elm Rd,Phoenix,AZ,US,residential
AD341927,9833 Mill Ave,Tampa,FL,US,residential
AD342526,5624 Spring Rd,Sacramento,CA,US,commercial
AD343811,"3 Harbour Chambers, Level 2",Seychelles,SC,SC,registered_agent
AD344924,5035 Highland Ct Ste 129,Denver,CO,US,commercial
AD346048,7294 Grove St,Phoenix,AZ,US,residential
AD346363,4090 Madison Way,Columbus,OH,US,residential
AD347665,5090 Lake Ave,Portland,OR,US,residential
AD347684,8854 Lakeview Dr,Minneapolis,MN,US,residential
AD348145,836 Union St,Austin,TX,US,residential
AD349210,6508 Washington Rd,Minneapolis,MN,US,residential
AD349312,6358 Grove Blvd,Austin,TX,US,commercial
AD349606,2819 Cherry Ln,Portland,OR,US,residential
AD350076,187 Franklin Ln,Tampa,FL,US,commercial
AD351321,1800 Commerce Way Ste 210,Wilmington,DE,US,registered_agent
AD352000,7903 Canyon Way,Austin,TX,US,residential
AD352481,1384 Ridge Ct,Denver,CO,US,residential
AD352971,2387 Cedar Dr,Nashville,TN,US,residential
AD353042,1318 Cedar Ln,Columbus,OH,US,residential
AD353813,408 Jefferson Ave,Sacramento,CA,US,residential
AD353875,1659 Harbor Rd Ste 117,Denver,CO,US,commercial
AD354041,1563 Cedar Way,Tampa,FL,US,residential
AD354661,9751 Hill Way,Denver,CO,US,residential
AD354803,9100 Aspen Pl,Raleigh,NC,US,residential
AD355716,7450 Ridge Ave Ste 329,Newark,NJ,US,commercial
AD356525,4672 Spring Rd,Portland,OR,US,residential
AD356772,6797 Sunset Ln,Phoenix,AZ,US,residential
AD356998,9898 Walnut Ct,Portland,OR,US,residential
AD357855,6695 Mesa Dr,Raleigh,NC,US,residential
AD358120,7308 Spring Way,Nashville,TN,US,residential
AD358252,1268 Mesa Ln,Phoenix,AZ,US,residential
AD359289,3946 Valley Blvd,Denver,CO,US,residential
AD359757,2962 Franklin St,Sacramento,CA,US,residential
AD359877,3650 River Way Ste 194,Austin,TX,US,commercial
AD360134,7884 Mesa Blvd,Newark,NJ,US,commercial
AD360938,610 Valley Dr Ste 625,Raleigh,NC,US,commercial
AD361892,3136 Maple Dr,Raleigh,NC,US,residential
AD362091,3913 Church Blvd,Phoenix,AZ,US,residential
AD363709,9283 Harbor Way,Minneapolis,MN,US,residential
AD364717,8573 Elm Ct,Phoenix,AZ,US,residential
AD364970,6332 Cedar St,Austin,TX,US,residential
AD366062,5667 Maple Ave,Sacramento,CA,US,residential
AD366389,5711 Harbor Dr,Tampa,FL,US,residential
AD366642,943 Union Dr Ste 540,Minneapolis,MN,US,commercial
AD366849,6570 Main Blvd,Denver,CO,US,residential
AD367395,750 Forest Dr,Tampa,FL,US,residential
AD367789,4863 Grove Pl,Denver,CO,US,residential
AD368185,3745 Sunset Blvd,Nashville,TN,US,commercial
AD368720,1722 Pine Way,Sacramento,CA,US,commercial
AD370111,5019 Meadow St,Portland,OR,US,residential
AD372892,4724 Washington Way,Raleigh,NC,US,commercial
AD373211,8904 Washington Way Ste 329,Columbus,OH,US,commercial
AD374256,3077 Madison St,Minneapolis,MN,US,residential
AD374438,2385 Washington Ave,Austin,TX,US,residential
AD375280,1588 Hill Rd,Sacramento,CA,US,residential
AD376278,7110 Hill Ct,Portland,OR,US,residential
AD377303,8234 Jefferson Dr Ste 810,Portland,OR,US,commercial
AD377458,511 Market Way,Las Vegas,NV,US,commercial
AD378188,2395 Broad Ave,Denver,CO,US,residential
AD379531,3260 Ridge Ave,Columbus,OH,US,residential
AD380838,9740 Church Rd,Minneapolis,MN,US,residential
AD381113,8033 Broad St,Nashville,TN,US,residential
AD381160,4479 Madison Ln,Minneapolis,MN,US,commercial
AD381831,6713 Meadow Ave,Raleigh,NC,US,residential
AD383214,1221 Lake Way,Columbus,OH,US,residential
AD383282,3676 Meadow Rd,Austin,TX,US,commercial
AD383527,8375 Aspen Ln,Phoenix,AZ,US,residential
AD384327,3699 Union Way,Phoenix,AZ,US,residential
AD384828,7981 Market Way,Tampa,FL,US,commercial
AD385960,8655 Main Ct,Raleigh,NC,US,residential
AD386827,5420 Madison Ln,Tampa,FL,US,residential
AD386927,3905 Grove St,Sacramento,CA,US,commercial
AD387713,9891 Lake Rd,Nashville,TN,US,residential
AD388336,350 Broad Blvd,Phoenix,AZ,US,residential
AD389292,6091 Washington Rd,Minneapolis,MN,US,residential
AD389363,9526 Grove Blvd,Raleigh,NC,US,residential
AD389409,6861 Meadow Rd,Phoenix,AZ,US,residential
AD389888,6387 Grove Pl,Columbus,OH,US,commercial
AD390530,6258 Mill Ln,Minneapolis,MN,US,residential
AD390677,2304 Lakeview Way,Denver,CO,US,residential
AD390893,5564 Lincoln Blvd,Denver,CO,US,residential
AD391819,9892 Center Dr,Sacramento,CA,US,commercial
AD392883,2117 Market Blvd,Sacramento,CA,US,commercial
AD393707,7913 Canyon Ln,Columbus,OH,US,commercial
AD393942,8125 Pine St,Nashville,TN,US,residential
AD393975,8389 Chestnut Ln,Austin,TX,US,commercial
AD394207,3289 Lincoln Way,Columbus,OH,US,commercial
AD394898,8712 Canyon Rd,Tampa,FL,US,commercial
AD395005,7747 Madison Ln,Sacramento,CA,US,residential
AD395224,8359 Center Blvd,Raleigh,NC,US,residential
AD396086,7983 Valley St,Austin,TX,US,residential
AD396247,4111 Aspen Way,Phoenix,AZ,US,residential
AD396441,2626 Chestnut Ct,Phoenix,AZ,US,residential
AD396898,6363 Washington Ln,Newark,NJ,US,residential
AD397103,9879 Highland Way,Sacramento,CA,US,commercial
AD397458,172 Birch Rd,Minneapolis,MN,US,residential
AD398277,1690 Market Ave,Columbus,OH,US,residential
AD398738,3938 Birch St,Sacramento,CA,US,commercial
AD399382,3256 River Ave,Las Vegas,NV,US,residential
AD399624,5500 Willow Pl,Portland,OR,US,commercial
AD400344,7905 Chestnut Dr,Portland,OR,US,residential
AD400562,6168 Franklin Dr Ste 794,Nashville,TN,US,commercial
AD401151,2960 River Blvd,Denver,CO,US,residential
AD401488,7458 Oak Ln,Austin,TX,US,residential
AD401597,2363 Cherry Blvd,Portland,OR,US,residential
AD401801,2150 Union Ave,Las Vegas,NV,US,residential
AD401917,5063 Jefferson Ave,Tampa,FL,US,residential
AD402147,2837 Chestnut Way,Newark,NJ,US,commercial
AD402835,6819 Elm Way,Tampa,FL,US,residential
AD403296,7480 River St,Las Vegas,NV,US,commercial
AD403549,1265 Meadow Rd,Minneapolis,MN,US,residential
AD405595,565 Madison Blvd,Nashville,TN,US,residential
AD407163,6181 Spring Pl,Sacramento,CA,US,residential
AD409282,8629 Aspen Rd,Raleigh,NC,US,residential
AD410987,9855 Aspen Ct,Columbus,OH,US,commercial
AD411411,6429 Birch Pl,Nashville,TN,US,residential
AD413366,6379 Church Dr,Las Vegas,NV,US,residential
AD413376,8346 Grove Ct,Minneapolis,MN,US,residential
AD415748,3540 Church Ct,Phoenix,AZ,US,residential
AD416251,7458 Union Ln Ste 123,Minneapolis,MN,US,commercial
AD416556,4675 Spring Ct,Denver,CO,US,residential
AD416658,4293 Aspen Rd Ste 339,Raleigh,NC,US,commercial
AD417193,6301 Cedar Pl,Denver,CO,US,residential
AD417609,3519 Grove Pl,Phoenix,AZ,US,commercial
AD418455,3844 Elm Rd Ste 277,Raleigh,NC,US,commercial
AD418971,9756 Franklin St,Portland,OR,US,residential
AD419374,3610 Birch Ave,Las Vegas,NV,US,commercial
AD419394,5015 Forest Pl Ste 367,Las Vegas,NV,US,commercial
AD419616,1551 Lincoln Blvd,Portland,OR,US,residential
AD419666,9079 Lakeview Pl,Denver,CO,US,commercial
AD420114,51 Park Ln Ste 896,Austin,TX,US,commercial
AD420436,7356 Pine Dr Ste 818,Denver,CO,US,commercial
AD420663,3138 Broad Ave,Austin,TX,US,residential
AD420906,8486 Lincoln Ct,Portland,OR,US,residential
AD421050,3380 Jefferson Ave,Columbus,OH,US,residential
AD421138,937 Prospect Way,Raleigh,NC,US,residential
AD421164,3986 Union St,Austin,TX,US,commercial
AD421803,8703 Meadow Ct,Nashville,TN,US,residential
AD423060,4512 Church St,Sacramento,CA,US,residential
AD423780,9156 Willow Rd,Nashville,TN,US,residential
AD423911,4504 Sunset Rd,Columbus,OH,US,residential
AD426413,6694 Lakeview Rd,Austin,TX,US,residential
AD426971,1955 Lincoln Rd,Sacramento,CA,US,residential
AD427160,9611 Lake Dr,Raleigh,NC,US,residential
AD427799,4328 Birch Blvd,Austin,TX,US,residential
AD427827,5428 Birch Way,Phoenix,AZ,US,commercial
AD427831,6903 Willow Pl,Austin,TX,US,commercial
AD429449,4613 Birch Way,Portland,OR,US,residential
AD430701,9477 Oak Way,Nashville,TN,US,residential
AD431049,1880 Aspen Pl,Raleigh,NC,US,residential
AD431395,1710 Main Pl,Raleigh,NC,US,residential
AD431462,6005 River Dr,Austin,TX,US,residential
AD432049,9002 Valley Pl,Portland,OR,US,residential
AD432074,4228 River Pl,Sacramento,CA,US,residential
AD433247,858 Pine Ct,Columbus,OH,US,residential
AD434201,"87 Harbour Chambers, Level 1",Seychelles,SC,SC,registered_agent
AD434444,4504 Aspen Ln,Austin,TX,US,residential
AD434449,5343 Union Rd,Portland,OR,US,residential
AD434513,2702 Jefferson St,Columbus,OH,US,residential
AD434603,7011 Meadow Blvd,Phoenix,AZ,US,residential
AD436205,8397 Forest Ave,Columbus,OH,US,residential
AD437521,7434 Spring Ave,Tampa,FL,US,commercial
AD437645,8857 River Way,Raleigh,NC,US,residential
AD438143,8893 Sunset Way,Las Vegas,NV,US,residential
AD438333,9251 Broad Ln Ste 602,Sacramento,CA,US,commercial
AD438935,4957 Lincoln Dr,Sacramento,CA,US,commercial
AD439465,7302 Willow Blvd,Portland,OR,US,residential
AD439647,"11 Harbour Chambers, Level 2",British,VG,VG,registered_agent
AD440478,327 Market Way,Austin,TX,US,residential
AD440657,1281 Union Ln,Nashville,TN,US,residential
AD441707,4736 Ridge Ln Ste 920,Tampa,FL,US,commercial
AD444444,1007 Lake Ave,Tampa,FL,US,residential
AD446823,7107 Hill Dr,Minneapolis,MN,US,residential
AD447419,7352 River Blvd,Nashville,TN,US,commercial
AD447470,4689 Forest Ct,Columbus,OH,US,commercial
AD447505,727 Jefferson Way,Las Vegas,NV,US,residential
AD448630,2384 Ridge Dr,Austin,TX,US,residential
AD449194,1924 Madison Ln,Phoenix,AZ,US,residential
AD450046,9327 Pine St,Minneapolis,MN,US,residential
AD450133,5679 Cherry Way,Denver,CO,US,residential
AD450566,2565 Mill Pl,Nashville,TN,US,residential
AD450749,2299 River Ln,Phoenix,AZ,US,residential
AD451135,6104 Spring Blvd,Raleigh,NC,US,residential
AD451445,9045 Elm Blvd,Phoenix,AZ,US,residential
AD451468,3075 Elm Rd,Austin,TX,US,residential
AD453012,7166 Lake Pl,Tampa,FL,US,commercial
AD454014,8813 Cherry Ave,Las Vegas,NV,US,commercial
AD455220,1516 Grove Ln Ste 436,Newark,NJ,US,commercial
AD455378,3511 River St,Minneapolis,MN,US,residential
AD455503,1876 Madison St,Phoenix,AZ,US,commercial
AD455911,2772 Jefferson Way,Phoenix,AZ,US,residential
AD456981,2888 Spring Pl,Tampa,FL,US,commercial
AD457323,7680 Lake Way,Tampa,FL,US,commercial
AD458239,9794 Lakeview Ct,Columbus,OH,US,residential
AD458244,4150 Broad St,Columbus,OH,US,commercial
AD458745,6977 Sunset Ln,Raleigh,NC,US,residential
AD460871,9643 Lakeview Pl,Sacramento,CA,US,residential
AD461623,1190 Washington Blvd,Newark,NJ,US,residential
AD463042,3832 Spring Ave,Las Vegas,NV,US,residential
AD463253,1616 Center Blvd,Columbus,OH,US,residential
AD463806,9884 Church Dr,Austin,TX,US,residential
AD464329,8176 Lake Ave Ste 916,Columbus,OH,US,commercial
AD464450,9793 Lincoln Ln,Newark,NJ,US,residential
AD465034,5947 River Rd,Columbus,OH,US,commercial
AD467041,956 Oak Rd,Minneapolis,MN,US,commercial
AD469522,"40 Harbour Chambers, Level 1",Dubai,AE,AE,registered_agent
AD469889,9123 Lakeview Ave Ste 167,Tampa,FL,US,commercial
AD470545,503 Hill Ave,Phoenix,AZ,US,commercial
AD471163,1930 Sunset Dr,Denver,CO,US,residential
AD471775,"90 Harbour Chambers, Level 1",Cayman,KY,KY,registered_agent
AD473019,4956 Market Ln,Tampa,FL,US,residential
AD473663,5212 Market Rd Ste 867,Nashville,TN,US,commercial
AD474319,1569 Highland Pl,Sacramento,CA,US,residential
AD474691,3442 Ridge Dr Ste 372,Portland,OR,US,commercial
AD475202,9341 Lincoln Ave,Columbus,OH,US,residential
AD475782,9873 Lincoln Ave,Columbus,OH,US,residential
AD475983,746 Aspen Way,Denver,CO,US,residential
AD476692,4195 Center Ln,Portland,OR,US,residential
AD477275,5681 Ridge St,Sacramento,CA,US,residential
AD478136,6855 Elm Ct,Columbus,OH,US,residential
AD479163,4020 Willow St,Portland,OR,US,residential
AD479535,4673 Pine Way,Denver,CO,US,residential
AD479569,6551 Harbor Way,Denver,CO,US,residential
AD480087,5579 Walnut Pl,Tampa,FL,US,residential
AD480531,1768 Broad Ln,Portland,OR,US,residential
AD482452,2177 Church Rd,Newark,NJ,US,residential
AD482705,8643 Grove Blvd,Phoenix,AZ,US,residential
AD482790,7758 Sunset Pl,Minneapolis,MN,US,commercial
AD484536,9359 Elm Blvd,Raleigh,NC,US,residential
AD486658,234 Harbor Rd Ste 417,Raleigh,NC,US,commercial
AD487034,3012 Elm Rd,Sacramento,CA,US,commercial
AD487563,5541 Broad Pl,Sacramento,CA,US,residential
AD488267,880 Church Ave Ste 333,Phoenix,AZ,US,commercial
AD489124,8921 Main Ave,Austin,TX,US,residential
AD489701,1431 Park Way Ste 459,Austin,TX,US,commercial
AD490129,3885 Highland Way,Newark,NJ,US,residential
AD490299,"61 Harbour Chambers, Level 2",Dubai,AE,AE,registered_agent
AD490418,9229 River Blvd,Phoenix,AZ,US,commercial
AD491054,2365 Ridge Blvd,Nashville,TN,US,residential
AD491284,7139 Cherry Dr,Phoenix,AZ,US,residential
AD491503,8421 Sunset Ave,Raleigh,NC,US,commercial
AD492752,48 Cedar St,Las Vegas,NV,US,residential
AD494934,7885 Oak Ct,Columbus,OH,US,residential
AD495600,1169 Center Way,Nashville,TN,US,commercial
AD495694,8008 Union Ln Ste 279,Sacramento,CA,US,commercial
AD495727,3659 Highland Rd,Portland,OR,US,residential
AD496634,5568 Union Rd,Denver,CO,US,commercial
AD496887,1045 Meadow Ct,Columbus,OH,US,residential
AD498999,8447 Chestnut Way,Austin,TX,US,residential
AD499935,6461 Jefferson Ave,Columbus,OH,US,residential
AD499963,6960 Church Pl,Minneapolis,MN,US,residential
AD499986,6616 Sunset Way,Nashville,TN,US,commercial
AD500127,812 Lakeview Way,Las Vegas,NV,US,residential
AD502105,7054 Highland Rd,Sacramento,CA,US,residential
AD502271,3778 River Blvd,Newark,NJ,US,residential
AD506574,4550 Birch Ln Ste 503,Nashville,TN,US,commercial
AD506609,5388 Church St,Nashville,TN,US,commercial
AD507009,2705 Highland Dr,Phoenix,AZ,US,residential
AD507625,5005 Maple Dr,Tampa,FL,US,commercial
AD507767,544 Union Way,Tampa,FL,US,residential
AD508075,2352 Cedar Way Ste 935,Portland,OR,US,commercial
AD508108,2033 Lake St,Austin,TX,US,residential
AD509042,8480 Lincoln Pl,Minneapolis,MN,US,residential
AD510128,8405 Hill Ct,Raleigh,NC,US,residential
AD510568,4425 Lincoln Rd,Raleigh,NC,US,residential
AD511697,3485 River Pl,Tampa,FL,US,residential
AD512808,8000 Madison Dr,Tampa,FL,US,commercial
AD513965,9771 Hill Pl Ste 355,Las Vegas,NV,US,commercial
AD514027,9324 Market Pl,Austin,TX,US,residential
AD514145,4797 Cedar Ct,Austin,TX,US,residential
AD515311,3358 Lakeview Ct,Columbus,OH,US,residential
AD515651,3472 Spring Ave,Austin,TX,US,residential
AD516129,5741 Mill Ave,Columbus,OH,US,residential
AD516592,3736 Sunset Ln,Phoenix,AZ,US,commercial
AD516808,1093 Prospect St,Phoenix,AZ,US,residential
AD516864,8340 Union St,Columbus,OH,US,residential
AD518283,7689 Jefferson Way,Newark,NJ,US,commercial
AD518360,5278 Harbor Rd,Minneapolis,MN,US,residential
AD518602,9811 Cedar Blvd Ste 410,Raleigh,NC,US,commercial
AD518798,44 Park Ln,Columbus,OH,US,residential
AD519223,5361 Church St,Raleigh,NC,US,residential
AD520298,9682 River Way,Denver,CO,US,commercial
AD521116,1748 Oak Ct,Las Vegas,NV,US,residential
AD521527,9087 Aspen Dr,Las Vegas,NV,US,residential
AD522194,6939 Grove Rd,Las Vegas,NV,US,residential
AD522778,8116 Hill Rd,Columbus,OH,US,residential
AD523050,657 Sunset Pl,Portland,OR,US,residential
AD527029,5602 Sunset St,Las Vegas,NV,US,residential
AD527178,4025 Cedar St,Austin,TX,US,residential
AD527901,7036 River Pl,Portland,OR,US,residential
AD528178,8849 Park Way,Minneapolis,MN,US,residential
AD530152,9581 Valley Way,Newark,NJ,US,residential
AD530231,4496 Forest St,Phoenix,AZ,US,residential
AD531947,5251 Lakeview Ct,Portland,OR,US,residential
AD532157,8640 Aspen Blvd,Austin,TX,US,residential
AD532164,6859 Highland Dr,Raleigh,NC,US,residential
AD532169,1623 Prospect Blvd,Sacramento,CA,US,residential
AD533116,41 Willow Ave,Austin,TX,US,commercial
AD533830,496 Main Pl,Portland,OR,US,commercial
AD535526,5786 Cherry Ln,Newark,NJ,US,residential
AD535797,7283 Madison Ln,Raleigh,NC,US,residential
AD535845,7394 Church St,Minneapolis,MN,US,residential
AD536018,7363 Mesa Way,Raleigh,NC,US,residential
AD536361,2035 Main Rd,Austin,TX,US,residential
AD536899,167 Maple Blvd,Portland,OR,US,residential
AD537732,3852 Meadow Ct,Portland,OR,US,residential
AD538136,5201 Lake Blvd,Nashville,TN,US,residential
AD540072,1022 Birch St,Raleigh,NC,US,residential
AD540417,8889 Pine Ct,Minneapolis,MN,US,residential
AD541609,3567 Market Ln,Phoenix,AZ,US,residential
AD542177,8338 Madison Rd,Austin,TX,US,residential
AD543741,7843 Elm Ct,Raleigh,NC,US,residential
AD544241,2389 Market Rd,Newark,NJ,US,residential
AD545067,3254 Forest Ct,Minneapolis,MN,US,residential
AD545514,9745 Willow Dr,Austin,TX,US,residential
AD545718,1744 Harbor Pl,Denver,CO,US,commercial
AD545992,8681 Broad Blvd,Austin,TX,US,residential
AD546098,1521 Aspen Ct,Portland,OR,US,residential
AD547126,5024 Franklin Ave,Newark,NJ,US,residential
AD547342,6906 Canyon Way,Sacramento,CA,US,residential
AD547497,243 Oak St,Newark,NJ,US,residential
AD547631,2830 Market Way,Denver,CO,US,residential
AD547973,7318 Elm Blvd,Minneapolis,MN,US,commercial
AD548717,4943 Grove Blvd,Las Vegas,NV,US,residential
AD549191,9502 Grove Ave,Denver,CO,US,residential
AD549206,3903 Aspen St,Raleigh,NC,US,residential
AD549549,1549 Broad St,Newark,NJ,US,residential
AD550065,6297 Birch Blvd,Phoenix,AZ,US,residential
AD550588,1151 Mill Blvd,Tampa,FL,US,residential
AD550655,1097 Birch Rd,Portland,OR,US,residential
AD550676,8024 Mesa Blvd,Phoenix,AZ,US,commercial
AD551371,1127 Lakeview Ln,Tampa,FL,US,residential
AD551624,8639 Franklin Ave,Tampa,FL,US,commercial
AD551871,7180 Aspen Pl,Denver,CO,US,residential
AD552219,5839 Cherry Ln,Austin,TX,US,commercial
AD553243,4719 Madison Ln Ste 276,Denver,CO,US,commercial
AD553689,2168 Ridge Way Ste 211,Tampa,FL,US,commercial
AD553793,4632 Birch Ln,Denver,CO,US,commercial
AD554241,2356 Maple Blvd,Columbus,OH,US,residential
AD555864,6757 Church St,Denver,CO,US,residential
AD556850,7434 Union Blvd,Sacramento,CA,US,residential
AD558552,7516 Pine Pl,Austin,TX,US,residential
AD558629,2886 Lake Ln,Denver,CO,US,commercial
AD558700,1738 Oak Dr,Nashville,TN,US,residential
AD560217,2915 Park Ln,Phoenix,AZ,US,residential
AD561233,6123 Park Dr,Minneapolis,MN,US,residential
AD561512,4936 Prospect Pl Ste 522,Raleigh,NC,US,commercial
AD561825,9230 Lake Blvd,Phoenix,AZ,US,commercial
AD563374,18 Mesa St,Raleigh,NC,US,residential
AD563988,3091 Hill Rd,Columbus,OH,US,commercial
AD564302,6237 Park Ln,Nashville,TN,US,residential
AD564964,1415 Mill Pl,Phoenix,AZ,US,residential
AD565969,9143 Grove Blvd,Portland,OR,US,residential
AD566141,705 Market Ct,Denver,CO,US,commercial
AD566633,5511 River Ave,Columbus,OH,US,residential
AD567030,8811 Canyon Blvd,Portland,OR,US,residential
AD568169,"33 Harbour Chambers, Level 1",Cyprus,CY,CY,registered_agent
AD569035,6569 Maple Pl,Newark,NJ,US,commercial
AD569065,107 Main Ln,Denver,CO,US,residential
AD569568,6375 River Ct,Columbus,OH,US,residential
AD569706,5157 Spring Ct,Minneapolis,MN,US,residential
AD570928,4522 Park Ave,Columbus,OH,US,commercial
AD571653,1121 Washington Rd,Columbus,OH,US,residential
AD571849,2921 Ridge Dr,Sacramento,CA,US,residential
AD572072,2721 Maple Blvd,Columbus,OH,US,residential
AD572585,3205 Aspen Way,Austin,TX,US,residential
AD572917,6785 Chestnut Pl,Portland,OR,US,commercial
AD573710,2908 Hill Blvd Ste 851,Nashville,TN,US,commercial
AD573720,3050 Aspen Dr,Newark,NJ,US,residential
AD574221,6811 Chestnut Way Ste 862,Minneapolis,MN,US,commercial
AD574370,2175 Washington Rd,Portland,OR,US,residential
AD574988,2994 Franklin Pl,Portland,OR,US,commercial
AD575339,1634 Jefferson Blvd,Austin,TX,US,residential
AD575719,2187 Walnut Way,Tampa,FL,US,residential
AD576418,4235 Elm Ct,Sacramento,CA,US,residential
AD576439,4371 Willow Ln,Austin,TX,US,commercial
AD578033,2931 Canyon Rd,Portland,OR,US,residential
AD578375,4486 Willow Dr,Nashville,TN,US,residential
AD578894,3307 Union Way Ste 906,Phoenix,AZ,US,commercial
AD579772,6274 Union Rd,Minneapolis,MN,US,residential
AD580233,7515 Valley Way,Denver,CO,US,residential
AD581736,7904 Highland Ave,Minneapolis,MN,US,residential
AD582002,2757 Canyon Pl,Tampa,FL,US,commercial
AD582439,3311 Walnut St,Portland,OR,US,residential
AD582684,2167 Main Dr,Newark,NJ,US,residential
AD583305,7636 Mill Dr,Columbus,OH,US,residential
AD583485,6939 Lake St,Austin,TX,US,residential
AD583523,3703 Lake Ave,Columbus,OH,US,residential
AD583581,2693 Ridge Way,Denver,CO,US,residential
AD584277,3976 Madison Way,Denver,CO,US,residential
AD585310,7384 Jefferson Ln,Minneapolis,MN,US,residential
AD586189,3450 Harbor Blvd,Tampa,FL,US,residential
AD586697,7482 Mill Pl Ste 705,Sacramento,CA,US,commercial
AD586847,5399 Union Rd Ste 534,Newark,NJ,US,commercial
AD586909,2543 Willow St,Las Vegas,NV,US,commercial
AD588243,3699 Union Dr,Portland,OR,US,commercial
AD588566,3558 Maple Pl,Austin,TX,US,residential
AD588577,9478 River Blvd,Phoenix,AZ,US,residential
AD590584,4546 Walnut Ave,Columbus,OH,US,residential
AD591474,286 Sunset Ct,Nashville,TN,US,residential
AD591676,1802 Lake Ct,Minneapolis,MN,US,residential
AD592944,4617 Sunset Rd,Nashville,TN,US,commercial
AD593270,821 Birch Ct,Portland,OR,US,residential
AD593290,8787 Center Ln,Portland,OR,US,commercial
AD593830,5316 Broad Dr,Nashville,TN,US,residential
AD594003,8389 Elm Blvd,Las Vegas,NV,US,residential
AD595550,1480 Grove Rd,Nashville,TN,US,commercial
AD595600,9418 Chestnut Rd,Portland,OR,US,residential
AD595756,6316 Elm Way,Austin,TX,US,residential
AD596296,6749 Center Ave,Denver,CO,US,residential
AD597125,9842 Union Way,Columbus,OH,US,residential
AD597288,9179 Cedar Dr,Columbus,OH,US,residential
AD597321,"35 Harbour Chambers, Level 1",Panama,PA,PA,registered_agent
AD597563,6668 Grove Pl,Minneapolis,MN,US,residential
AD598695,3594 Market St,Minneapolis,MN,US,commercial
AD598699,6734 Center Blvd,Portland,OR,US,residential
AD599990,9632 Washington Blvd,Las Vegas,NV,US,residential
AD600935,2399 Jefferson Way,Las Vegas,NV,US,residential
AD601000,5659 Chestnut Pl Ste 126,Phoenix,AZ,US,commercial
AD601540,413 Harbor Rd,Sacramento,CA,US,residential
AD602267,8924 Grove Ct,Columbus,OH,US,residential
AD602527,1080 Birch Pl,Phoenix,AZ,US,residential
AD602954,9536 Ridge Dr,Columbus,OH,US,commercial
AD602999,8228 Ridge Pl,Denver,CO,US,commercial
AD603058,6649 Union Ave,Nashville,TN,US,residential
AD603226,9392 Walnut Pl,Columbus,OH,US,residential
AD604046,7217 Hill Dr Ste 669,Raleigh,NC,US,commercial
AD604212,1016 Canyon Way,Sacramento,CA,US,residential
AD605960,6694 Cherry Way,Sacramento,CA,US,residential
AD605968,3713 Jefferson Blvd,Phoenix,AZ,US,residential
AD605984,7126 Sunset Pl,Raleigh,NC,US,residential
AD606306,7988 Elm Ct,Sacramento,CA,US,residential
AD606635,195 Lake Ln,Austin,TX,US,residential
AD608032,2498 Hill Ave,Portland,OR,US,residential
AD608078,8550 Oak Ct,Phoenix,AZ,US,residential
AD608243,68 Jefferson Ct,Columbus,OH,US,residential
AD608516,7683 Pine Blvd,Sacramento,CA,US,commercial
AD609490,4784 Grove St,Las Vegas,NV,US,residential
AD609724,87 Church Dr,Minneapolis,MN,US,residential
AD611051,4400 Church Blvd,Portland,OR,US,commercial
AD611054,9196 Lakeview Way,Newark,NJ,US,residential
AD611152,4750 Forest Ln,Austin,TX,US,residential
AD611381,3315 Franklin Way,Nashville,TN,US,residential
AD611623,2811 Center Ave,Newark,NJ,US,residential
AD612222,6030 Forest Ct,Minneapolis,MN,US,residential
AD612268,8641 Market Pl,Denver,CO,US,residential
AD613751,177 Forest Way Ste 707,Raleigh,NC,US,commercial
AD614005,1572 Birch Dr,Nashville,TN,US,commercial
AD615565,2959 Highland Ave,Raleigh,NC,US,residential
AD616977,7235 Jefferson Ct,Columbus,OH,US,commercial
AD617895,8602 Center Ln,Minneapolis,MN,US,residential
AD618486,4769 Chestnut Ct,Phoenix,AZ,US,residential
AD618525,5683 Elm Pl,Las Vegas,NV,US,residential
AD618871,6705 Main Blvd,Austin,TX,US,residential
AD619498,1820 Cedar Way,Denver,CO,US,residential
AD619588,8946 Highland Pl,Denver,CO,US,residential
AD619926,217 Birch Rd,Sacramento,CA,US,residential
AD620102,686 Birch Blvd,Austin,TX,US,commercial
AD621057,311 Chestnut Ct,Columbus,OH,US,residential
AD623811,4357 Valley Rd,Tampa,FL,US,residential
AD624190,4978 Madison Ave,Raleigh,NC,US,residential
AD624365,4926 Aspen Blvd,Newark,NJ,US,residential
AD624392,6099 Maple Ln,Sacramento,CA,US,residential
AD625245,8846 Oak Ln Ste 391,Nashville,TN,US,commercial
AD625427,4800 Pine St Ste 111,Austin,TX,US,commercial
AD625754,1766 Lakeview Pl,Columbus,OH,US,residential
AD626503,6159 Mesa St,Austin,TX,US,residential
AD627121,654 Washington Way Ste 385,Raleigh,NC,US,commercial
AD627159,8065 Cedar Pl,Tampa,FL,US,residential
AD629259,5106 Prospect Dr,Austin,TX,US,residential
AD629260,7061 Prospect Way,Tampa,FL,US,commercial
AD630036,4623 Grove Rd,Columbus,OH,US,residential
AD630553,5796 Mesa Dr,Sacramento,CA,US,residential
AD631044,5038 Forest Dr,Las Vegas,NV,US,residential
AD631804,7859 River Rd,Phoenix,AZ,US,residential
AD632013,8972 Grove Rd,Denver,CO,US,commercial
AD633167,1566 Sunset St,Phoenix,AZ,US,residential
AD633217,2770 Highland Way,Raleigh,NC,US,residential
AD634316,3922 Elm Rd,Austin,TX,US,residential
AD634756,1511 Lakeview St,Austin,TX,US,commercial
AD635036,473 Franklin Way,Austin,TX,US,residential
AD635203,9150 Canyon Way Ste 439,Columbus,OH,US,commercial
AD635493,1227 Harbor Ave,Minneapolis,MN,US,residential
AD636767,8989 Forest Rd,Columbus,OH,US,commercial
AD637610,2190 Birch Pl,Tampa,FL,US,residential
AD638307,9443 Elm Ln,Las Vegas,NV,US,residential
AD638504,5826 Market Ln,Sacramento,CA,US,residential
AD639000,8357 Franklin St,Austin,TX,US,commercial
AD641320,4334 Franklin Blvd,Raleigh,NC,US,residential
AD641323,6537 Lakeview Ln,Denver,CO,US,residential
AD642543,453 Ridge St,Columbus,OH,US,residential
AD642699,4371 Aspen Ln,Raleigh,NC,US,residential
AD643630,3210 Prospect Ct,Austin,TX,US,residential
AD643873,2360 Madison Rd,Portland,OR,US,residential
AD644861,9608 Oak Dr,Raleigh,NC,US,residential
AD644984,7547 Market St,Columbus,OH,US,residential
AD646105,6250 Washington Pl,Phoenix,AZ,US,residential
AD648145,571 Union Dr,Raleigh,NC,US,commercial
AD648858,3893 Union Rd,Newark,NJ,US,residential
AD648992,6311 Oak Ct,Phoenix,AZ,US,commercial
AD649413,4724 Elm Way,Phoenix,AZ,US,residential
AD651108,769 Willow Way,Newark,NJ,US,commercial
AD651960,1421 Lakeview Ln Ste 743,Denver,CO,US,commercial
AD652553,5001 Park Ln,Sacramento,CA,US,residential
AD653296,6655 Grove Pl,Las Vegas,NV,US,commercial
AD653456,2635 Lake Pl,Raleigh,NC,US,residential
AD654514,7206 Lakeview Way,Tampa,FL,US,residential
AD654765,8480 Cherry St,Las Vegas,NV,US,residential
AD655039,9382 Spring Blvd,Austin,TX,US,residential
AD656466,9414 Sunset Blvd,Sacramento,CA,US,residential
AD657870,8197 Canyon Pl Ste 920,Columbus,OH,US,commercial
AD658204,9712 Washington Ct,Minneapolis,MN,US,residential
AD659253,6650 Lakeview Rd,Phoenix,AZ,US,residential
AD660851,923 Hill Ln,Nashville,TN,US,residential
AD662850,1253 Center Way,Nashville,TN,US,residential
AD662989,376 Union Ln,Portland,OR,US,residential
AD663226,535 Valley Blvd,Phoenix,AZ,US,residential
AD665180,2157 Broad Way,Austin,TX,US,residential
AD665763,1314 Jefferson Ave,Newark,NJ,US,residential
AD666277,9517 Center Blvd,Raleigh,NC,US,commercial
AD666567,1317 Maple Way,Denver,CO,US,residential
AD667253,1038 Washington St Ste 643,Minneapolis,MN,US,commercial
AD668045,257 Church Blvd,Phoenix,AZ,US,residential
AD668073,1396 Oak Ave,Sacramento,CA,US,residential
AD668256,6351 Canyon Pl,Columbus,OH,US,residential
AD668509,9078 Aspen Ave,Las Vegas,NV,US,residential
AD668750,838 Main Ave,Columbus,OH,US,residential
AD669101,2936 Highland Rd,Austin,TX,US,residential
AD669454,1215 Pine Way,Denver,CO,US,commercial
AD669481,2214 Willow Dr,Denver,CO,US,residential
AD669528,5432 Grove Ave,Denver,CO,US,residential
AD669958,7451 Lincoln Blvd,Denver,CO,US,residential
AD670250,3774 Ridge Blvd,Portland,OR,US,residential
AD670504,5861 Chestnut Blvd,Newark,NJ,US,residential
AD672874,5729 Lincoln Ct Ste 926,Denver,CO,US,commercial
AD672903,9145 Franklin Dr,Portland,OR,US,residential
AD673930,9810 Forest Pl,Raleigh,NC,US,residential
AD673964,2332 Mesa Rd,Tampa,FL,US,commercial
AD674142,845 Harbor Rd,Portland,OR,US,residential
AD674238,3017 Maple Blvd,Sacramento,CA,US,residential
AD674457,1465 Hill Ln,Las Vegas,NV,US,residential
AD675020,4633 Prospect Dr Ste 788,Las Vegas,NV,US,commercial
AD675295,6320 Franklin Dr,Phoenix,AZ,US,residential
AD675334,6816 Church St Ste 503,Minneapolis,MN,US,commercial
AD676805,7235 Hill Way,Raleigh,NC,US,residential
AD677634,3416 Main Blvd,Newark,NJ,US,residential
AD678861,6391 Hill Way,Austin,TX,US,commercial
AD678974,1907 Oak Pl,Minneapolis,MN,US,residential
AD680415,4452 River Ave,Denver,CO,US,residential
AD681179,4527 Cherry Way,Denver,CO,US,commercial
AD681645,3805 Mill Ln Ste 496,Sacramento,CA,US,commercial
AD681951,1110 Center Pl,Minneapolis,MN,US,residential
AD684079,3004 Highland Pl Ste 144,Tampa,FL,US,commercial
AD684225,6098 Cedar St,Austin,TX,US,residential
AD686491,5851 Maple Ave,Phoenix,AZ,US,residential
AD686659,9453 Ridge Way,Phoenix,AZ,US,residential
AD686665,5439 Spring St Ste 449,Sacramento,CA,US,commercial
AD687571,5645 Mesa Ln,Columbus,OH,US,residential
AD688448,5579 Elm Ln,Phoenix,AZ,US,residential
AD688559,2225 Mesa Pl,Las Vegas,NV,US,residential
AD688573,9343 Cherry Pl,Raleigh,NC,US,residential
AD688613,5384 Walnut Dr,Tampa,FL,US,residential
AD688921,6655 Forest Way,Sacramento,CA,US,residential
AD689502,6831 Sunset Way Ste 330,Newark,NJ,US,commercial
AD690461,6345 Maple Way,Sacramento,CA,US,residential
AD691842,1435 Birch Ave,Austin,TX,US,residential
AD691948,734 Highland Ct,Portland,OR,US,commercial
AD692108,1331 Maple Ct,Denver,CO,US,residential
AD693020,404 Ridge Ave Ste 822,Columbus,OH,US,commercial
AD693290,6578 Main Ave,Columbus,OH,US,commercial
AD693766,4868 Broad Way,Columbus,OH,US,residential
AD696062,6343 Mesa Ave,Tampa,FL,US,residential
AD697298,8165 Grove Rd,Tampa,FL,US,residential
AD698686,3378 Market Ln,Tampa,FL,US,residential
AD699054,4598 Main Ave,Tampa,FL,US,residential
AD699810,8972 Hill Ln,Denver,CO,US,residential
AD700536,835 Main Ln,Tampa,FL,US,residential
AD700682,6680 Valley Ave,Phoenix,AZ,US,residential
AD701465,1108 Canyon Rd,Sacramento,CA,US,residential
AD702420,5774 Lincoln Rd,Portland,OR,US,residential
AD702556,3823 Maple Dr,Raleigh,NC,US,residential
AD702889,5013 Harbor Way,Austin,TX,US,residential
AD702908,7637 Grove Ln,Portland,OR,US,residential
AD703507,1760 Cedar Blvd,Tampa,FL,US,residential
AD704123,8842 Forest Blvd Ste 123,Tampa,FL,US,commercial
AD704562,8454 Union Ave,Newark,NJ,US,residential
AD706350,4275 Prospect Dr,Columbus,OH,US,residential
AD706679,1389 Park St,Denver,CO,US,residential
AD707110,8895 Canyon Ct Ste 408,Denver,CO,US,commercial
AD708017,6370 Cherry Ave,Phoenix,AZ,US,commercial
AD709110,6719 Forest Blvd,Tampa,FL,US,residential
AD709658,2285 Lakeview Way,Sacramento,CA,US,residential
AD709848,2183 Chestnut Ave,Newark,NJ,US,residential
AD710545,4242 Franklin Pl,Columbus,OH,US,residential
AD711917,2088 Ridge Blvd,Portland,OR,US,residential
AD712671,4666 Lake Way,Phoenix,AZ,US,commercial
AD713832,4930 Elm Dr,Columbus,OH,US,residential
AD714120,8096 Aspen Dr,Columbus,OH,US,residential
AD715358,5804 Aspen Ln,Denver,CO,US,residential
AD715568,6795 Highland Dr,Columbus,OH,US,residential
AD717797,1504 Lakeview Ln,Sacramento,CA,US,residential
AD718408,9270 Highland Pl,Sacramento,CA,US,residential
AD719173,5097 Lakeview Dr,Phoenix,AZ,US,residential
AD719560,2837 Broad St,Tampa,FL,US,residential
AD720198,237 Center St Ste 485,Las Vegas,NV,US,commercial
AD720514,6905 Lake Rd,Columbus,OH,US,residential
AD721443,826 Lincoln St,Las Vegas,NV,US,residential
AD721513,651 Prospect Way,Newark,NJ,US,residential
AD722839,4838 Market Blvd,Columbus,OH,US,commercial
AD723531,9082 Meadow Blvd Ste 381,Nashville,TN,US,commercial
AD723634,2163 Forest Blvd,Minneapolis,MN,US,residential
AD723635,6801 Union Ave,Phoenix,AZ,US,residential
AD724732,1115 Sunset Dr,Tampa,FL,US,residential
AD725310,8658 Jefferson Ct Ste 411,Raleigh,NC,US,commercial
AD725343,8703 Union Ct,Las Vegas,NV,US,residential
AD725637,5624 Grove Ave,Raleigh,NC,US,residential
AD727084,"90 Harbour Chambers, Level 1",Belize,BZ,BZ,registered_agent
AD727292,1174 Willow Ave,Portland,OR,US,residential
AD727904,8434 Grove Way,Austin,TX,US,commercial
AD729060,5092 Cherry Ave Ste 802,Columbus,OH,US,commercial
AD729496,2682 Market Ln,Denver,CO,US,residential
AD731233,2416 Hill Way,Las Vegas,NV,US,residential
AD732972,7629 Pine Way,Austin,TX,US,residential
AD734265,2685 Aspen Ln,Nashville,TN,US,residential
AD734323,6268 Spring Ct,Phoenix,AZ,US,residential
AD734396,3728 Canyon Rd,Denver,CO,US,residential
AD734767,232 River Way,Denver,CO,US,residential
AD734922,321 Park Way,Austin,TX,US,residential
AD735677,9507 Forest Ct,Newark,NJ,US,residential
AD736230,9043 Market St,Newark,NJ,US,residential
AD737402,2630 Elm Ct,Austin,TX,US,residential
AD737724,2931 Union St,Raleigh,NC,US,commercial
AD738239,6648 Main Ave,Newark,NJ,US,commercial
AD738438,6652 Lakeview St,Tampa,FL,US,residential
AD738475,3166 Washington Rd,Minneapolis,MN,US,residential
AD738701,5163 Elm St,Phoenix,AZ,US,residential
AD739795,1225 Forest Ave,Denver,CO,US,commercial
AD740354,836 Union St Ste 119,Nashville,TN,US,commercial
AD740869,6016 Washington St,Phoenix,AZ,US,residential
AD741470,2252 Aspen Pl,Denver,CO,US,residential
AD741474,4502 Grove St,Minneapolis,MN,US,residential
AD741720,9868 Market Rd,Nashville,TN,US,residential
AD744255,8567 Park Ave,Minneapolis,MN,US,residential
AD745433,242 Hill Ave,Denver,CO,US,residential
AD746824,2253 Grove Ln,Nashville,TN,US,residential
AD746850,6999 River Way,Tampa,FL,US,residential
AD746926,4793 Sunset St,Denver,CO,US,residential
AD747334,9375 Cedar Blvd Ste 210,Minneapolis,MN,US,commercial
AD747509,2844 Valley Dr,Tampa,FL,US,residential
AD748103,325 Lake Way Ste 798,Portland,OR,US,commercial
AD748255,1135 Church Blvd,Austin,TX,US,residential
AD748409,1252 Chestnut St,Columbus,OH,US,residential
AD748865,7636 Spring St,Austin,TX,US,residential
AD749685,2995 Aspen Rd,Denver,CO,US,residential
AD750288,7142 Harbor Ave,Austin,TX,US,commercial
AD750755,9191 Union Blvd,Phoenix,AZ,US,residential
AD751386,5234 Ridge Ct,Raleigh,NC,US,residential
AD752490,9121 Highland St,Austin,TX,US,residential
AD752927,9359 Lake Ct,Phoenix,AZ,US,commercial
AD753269,6926 Highland Way,Tampa,FL,US,residential
AD753782,305 Lincoln St,Las Vegas,NV,US,residential
AD754236,3972 Spring Rd,Phoenix,AZ,US,commercial
AD755714,8416 Mill Pl Ste 685,Denver,CO,US,commercial
AD756864,1255 Valley Blvd Ste 366,Columbus,OH,US,commercial
AD757220,9378 Broad Pl,Minneapolis,MN,US,residential
AD759071,6285 Jefferson Way,Newark,NJ,US,residential
AD759498,331 Willow Dr,Sacramento,CA,US,residential
AD759755,8693 Jefferson Ln,Austin,TX,US,residential
AD759847,2013 Pine Ln Ste 159,Denver,CO,US,commercial
AD760326,2135 Valley Blvd,Raleigh,NC,US,commercial
AD760648,9081 Birch Ln,Las Vegas,NV,US,residential
AD760707,1274 Center Blvd,Phoenix,AZ,US,residential
AD761313,4252 Market Ln,Newark,NJ,US,residential
AD761322,2336 Market Pl,Sacramento,CA,US,commercial
AD761755,5433 Willow Ln,Phoenix,AZ,US,residential
AD763315,1283 Union Ct,Portland,OR,US,commercial
AD763540,1189 Highland Ct,Phoenix,AZ,US,residential
AD763850,9596 Birch Ln,Austin,TX,US,residential
AD763958,7626 Mill Ln,Las Vegas,NV,US,residential
AD765017,6215 Prospect Blvd,Las Vegas,NV,US,residential
AD766165,5836 Sunset Ct Ste 899,Columbus,OH,US,commercial
AD766209,1913 Birch Ln,Denver,CO,US,residential
AD769581,740 Birch Pl,Minneapolis,MN,US,residential
AD770068,5059 Lincoln Way,Columbus,OH,US,residential
AD770206,7098 Chestnut Rd,Nashville,TN,US,residential
AD770402,8358 Pine Ave,Tampa,FL,US,residential
AD770924,1641 Oak St,Minneapolis,MN,US,residential
AD771204,6135 Lincoln Pl,Raleigh,NC,US,residential
AD771313,7484 Birch Ave,Columbus,OH,US,residential
AD771781,5804 Prospect Dr,Denver,CO,US,residential
AD772225,3673 Mesa Ln,Newark,NJ,US,residential
AD772615,540 Ridge Rd,Phoenix,AZ,US,residential
AD773585,6304 Maple Blvd,Tampa,FL,US,residential
AD774916,4506 Hill Pl,Denver,CO,US,residential
AD776130,4454 Mill Pl,Columbus,OH,US,residential
AD777678,1619 Sunset Blvd,Las Vegas,NV,US,residential
AD778657,6030 Grove Ln Ste 294,Raleigh,NC,US,commercial
AD779464,7525 Lakeview Ave,Minneapolis,MN,US,residential
AD781050,2183 Forest Ave,Phoenix,AZ,US,residential
AD781342,6526 Pine Ave,Nashville,TN,US,residential
AD781774,3754 Oak Dr,Denver,CO,US,residential
AD781785,3261 Canyon Rd,Austin,TX,US,residential
AD781939,8645 Ridge Rd,Phoenix,AZ,US,residential
AD782584,3899 Canyon St,Tampa,FL,US,residential
AD782857,5998 Elm Rd,Austin,TX,US,residential
AD783448,2826 Broad Ave,Phoenix,AZ,US,residential
AD783500,5754 Mill Ave,Las Vegas,NV,US,residential
AD783503,8477 Mill Ave,Newark,NJ,US,commercial
AD784196,6705 Grove Rd,Austin,TX,US,residential
AD785056,1053 Lakeview St,Phoenix,AZ,US,residential
AD785512,2124 Maple Way,Raleigh,NC,US,residential
AD785643,4071 Maple Blvd,Denver,CO,US,residential
AD788515,1773 Oak Way,Columbus,OH,US,residential
AD788559,1858 Church Ct,Sacramento,CA,US,residential
AD789647,2628 Willow Rd,Tampa,FL,US,residential
AD790040,4447 Aspen Way,Austin,TX,US,residential
AD792112,5118 Market St,Austin,TX,US,residential
AD792497,9591 Cedar St,Las Vegas,NV,US,residential
AD792802,5817 Franklin Ln,Austin,TX,US,commercial
AD793778,6904 Park Way,Newark,NJ,US,residential
AD793829,8335 Washington Ln,Minneapolis,MN,US,commercial
AD794630,5856 Union Blvd,Tampa,FL,US,residential
AD794683,6931 Oak Ln Ste 446,Denver,CO,US,commercial
AD795114,8396 Ridge St,Newark,NJ,US,commercial
AD795183,"7 Harbour Chambers, Level 1",British,VG,VG,registered_agent
AD796235,2121 Walnut Dr,Tampa,FL,US,residential
AD796497,9657 Walnut St,Sacramento,CA,US,residential
AD798195,3730 Maple Ln,Phoenix,AZ,US,residential
AD799858,8741 Chestnut Ct,Denver,CO,US,residential
AD800595,8742 Broad Way,Minneapolis,MN,US,residential
AD800910,6519 Madison Ln,Portland,OR,US,residential
AD801010,3447 Canyon Rd,Minneapolis,MN,US,residential
AD801012,3260 Cedar Blvd,Sacramento,CA,US,residential
AD801271,8099 Washington Rd,Phoenix,AZ,US,residential
AD802141,9041 Willow St,Minneapolis,MN,US,residential
AD802592,1829 Ridge Dr,Nashville,TN,US,residential
AD803583,3747 Grove Dr Ste 879,Columbus,OH,US,commercial
AD804488,3401 Center Dr,Sacramento,CA,US,residential
AD804594,2238 Lake Pl,Newark,NJ,US,residential
AD804640,114 Grove Ave,Phoenix,AZ,US,residential
AD805135,8573 Mesa Dr,Austin,TX,US,residential
AD805893,4570 Oak Blvd,Portland,OR,US,residential
AD806409,7888 Cherry Rd,Phoenix,AZ,US,residential
AD806992,2071 Willow Dr,Tampa,FL,US,residential
AD807876,9404 River Ave,Austin,TX,US,residential
AD808090,1468 Main Blvd,Minneapolis,MN,US,commercial
AD808506,9804 Walnut Dr,Newark,NJ,US,residential
AD809760,8792 Pine Way,Las Vegas,NV,US,residential
AD809809,7115 Pine Way,Portland,OR,US,residential
AD810401,540 Lincoln Ln,Sacramento,CA,US,residential
AD810980,7887 Sunset St,Portland,OR,US,residential
AD811716,4414 Elm Ln,Phoenix,AZ,US,residential
AD811729,1272 Prospect Pl,Tampa,FL,US,residential
AD811740,8240 Willow Ln Ste 215,Columbus,OH,US,commercial
AD813611,302 Forest St Ste 374,Denver,CO,US,commercial
AD813897,4598 Aspen St,Portland,OR,US,commercial
AD814296,3070 Broad Dr,Minneapolis,MN,US,residential
AD814390,3262 Chestnut Blvd,Minneapolis,MN,US,residential
AD814865,9740 Lincoln Ln,Raleigh,NC,US,residential
AD814987,3894 Franklin Dr,Austin,TX,US,residential
AD815208,87 Church Ct,Tampa,FL,US,residential
AD816072,5671 Broad Pl,Newark,NJ,US,residential
AD817313,120 Willow St,Denver,CO,US,residential
AD817358,5280 Park Ave,Columbus,OH,US,residential
AD818406,5499 Market Pl,Nashville,TN,US,residential
AD818548,7895 Canyon Rd Ste 259,Newark,NJ,US,commercial
AD820081,5773 Lake Way,Austin,TX,US,residential
AD820285,5876 Mesa Pl,Austin,TX,US,residential
AD821261,7623 Park Ave,Sacramento,CA,US,residential
AD821653,4635 Hill Ln,Columbus,OH,US,residential
AD822540,2735 Mesa Blvd,Tampa,FL,US,residential
AD823688,3278 Birch Way,Nashville,TN,US,commercial
AD823762,6843 Franklin Way,Sacramento,CA,US,residential
AD823893,9671 Aspen Dr Ste 648,Denver,CO,US,commercial
AD824380,6746 Canyon St,Nashville,TN,US,commercial
AD825013,4596 Sunset Blvd Ste 889,Minneapolis,MN,US,commercial
AD825311,4800 Lake Ave,Portland,OR,US,residential
AD826005,1767 Walnut Ln,Sacramento,CA,US,residential
AD826179,8701 Grove Pl,Phoenix,AZ,US,residential
AD826815,2571 Broad Way,Minneapolis,MN,US,residential
AD827052,1334 Main Rd,Portland,OR,US,residential
AD827621,7483 Market Ln,Denver,CO,US,commercial
AD829096,1734 Cedar Ct,Sacramento,CA,US,residential
AD829322,1455 Harbor St Ste 693,Las Vegas,NV,US,commercial
AD829874,3794 Mesa Dr,Phoenix,AZ,US,residential
AD830949,9305 Sunset Way,Newark,NJ,US,residential
AD831495,5043 Chestnut Pl,Portland,OR,US,residential
AD833986,3473 Forest Ave,Phoenix,AZ,US,residential
AD835595,1346 Prospect St,Columbus,OH,US,residential
AD835720,5562 Maple Ln,Austin,TX,US,residential
AD838072,1689 Broad Blvd,Sacramento,CA,US,commercial
AD839114,8538 Walnut Blvd,Columbus,OH,US,residential
AD840411,1550 Church Ln Ste 698,Portland,OR,US,commercial
AD841391,5967 Maple Way,Denver,CO,US,residential
AD841490,5931 Cherry Pl,Tampa,FL,US,commercial
AD843276,1376 Walnut Pl,Denver,CO,US,residential
AD843394,3935 Cedar Blvd,Austin,TX,US,residential
AD843565,6835 Ridge Way,Nashville,TN,US,residential
AD843755,7963 Birch Blvd,Minneapolis,MN,US,residential
AD844170,5214 Spring St,Newark,NJ,US,residential
AD844541,4806 Valley Rd,Phoenix,AZ,US,residential
AD844617,1714 Forest Ln,Raleigh,NC,US,residential
AD845443,3544 Aspen Rd Ste 668,Austin,TX,US,commercial
AD845449,2667 Broad St,Phoenix,AZ,US,residential
AD846382,2232 Franklin St,Denver,CO,US,residential
AD846714,6965 Church Rd,Raleigh,NC,US,commercial
AD846902,4427 Church Rd,Phoenix,AZ,US,residential
AD847122,4775 River Ln,Columbus,OH,US,residential
AD848006,8826 Spring Ln,Nashville,TN,US,commercial
AD848637,5052 Washington Ct,Phoenix,AZ,US,residential
AD849269,3315 Highland Ln,Columbus,OH,US,residential
AD849442,1021 Main St Ste 300,Sheridan,WY,US,registered_agent
AD849746,3361 Valley Way,Columbus,OH,US,residential
AD850509,6796 Elm Ct,Denver,CO,US,residential
AD852137,705 Main Pl,Austin,TX,US,residential
AD852205,2027 Washington St,Tampa,FL,US,residential
AD852995,3903 Walnut Way,Nashville,TN,US,residential
AD853495,7538 Spring Blvd,Portland,OR,US,residential
AD853632,666 Mesa St,Nashville,TN,US,residential
AD853789,7400 Jefferson Ln,Austin,TX,US,residential
AD854348,1285 Willow Ct,Sacramento,CA,US,residential
AD854596,6891 Spring Way,Tampa,FL,US,residential
AD855605,7481 Church Blvd,Minneapolis,MN,US,residential
AD859416,5070 Madison Ln,Columbus,OH,US,commercial
AD859553,5077 Cherry Dr,Tampa,FL,US,residential
AD860568,2363 Chestnut Ln,Columbus,OH,US,residential
AD861113,382 Lake Ave,Tampa,FL,US,commercial
AD861536,4361 Main Ln,Tampa,FL,US,residential
AD861687,181 Highland Ln,Phoenix,AZ,US,residential
AD862796,9329 Hill Blvd,Portland,OR,US,residential
AD863281,9169 Madison Dr,Raleigh,NC,US,residential
AD863423,2006 Hill Pl,Portland,OR,US,residential
AD863939,1257 Church Ln,Tampa,FL,US,residential
AD864986,5573 Park Ave,Phoenix,AZ,US,commercial
AD866542,1316 Canyon Dr,Tampa,FL,US,commercial
AD866585,9057 Jefferson Pl,Raleigh,NC,US,residential
AD866700,4956 Washington Pl,Portland,OR,US,commercial
AD867125,5391 Chestnut Blvd,Tampa,FL,US,residential
AD867626,7923 Broad Dr,Denver,CO,US,residential
AD868980,6870 Lakeview Pl Ste 179,Sacramento,CA,US,commercial
AD869365,7205 Pine Ave,Portland,OR,US,residential
AD869777,6762 Church Ave Ste 336,Austin,TX,US,commercial
AD870430,3358 Broad Dr,Raleigh,NC,US,commercial
AD870923,9856 Center Ln,Nashville,TN,US,commercial
AD871096,7164 Valley Ln,Columbus,OH,US,commercial
AD871504,8786 Cedar Ct,Sacramento,CA,US,commercial
AD871707,7237 Mill Ln,Phoenix,AZ,US,residential
AD871723,6144 Lakeview Rd,Portland,OR,US,residential
AD871955,8032 Spring Blvd,Raleigh,NC,US,residential
AD872414,7584 Lincoln Ln,Minneapolis,MN,US,residential
AD872849,8786 Cedar Blvd,Sacramento,CA,US,residential
AD873456,219 Cedar Pl,Sacramento,CA,US,residential
AD873526,4780 Mill Rd,Sacramento,CA,US,residential
AD874133,1432 Maple Ct,Phoenix,AZ,US,residential
AD874743,8074 Franklin Dr,Raleigh,NC,US,residential
AD874982,934 Canyon Way,Tampa,FL,US,commercial
AD875463,1187 Lake Ln,Portland,OR,US,residential
AD875474,8324 Spring Ct,Columbus,OH,US,commercial
AD875689,8238 Birch Ct,Newark,NJ,US,residential
AD875836,4314 Maple Pl,Newark,NJ,US,residential
AD876086,3445 Harbor St,Austin,TX,US,residential
AD877256,4413 Center Ave,Phoenix,AZ,US,residential
AD877773,136 Washington Ave,Denver,CO,US,residential
AD877932,1881 Highland Blvd,Tampa,FL,US,residential
AD878514,6314 Elm St,Minneapolis,MN,US,residential
AD878783,"83 Harbour Chambers, Level 2",Cyprus,CY,CY,registered_agent
AD879318,1324 Maple Ct,Minneapolis,MN,US,residential
AD879560,5945 Pine Ave,Nashville,TN,US,residential
AD879779,5818 Willow St,Raleigh,NC,US,residential
AD880882,950 Chestnut Ct,Denver,CO,US,commercial
AD881581,6872 Mesa Rd,Tampa,FL,US,residential
AD881754,3773 Chestnut Dr,Las Vegas,NV,US,commercial
AD881970,7261 Forest Ave Ste 228,Denver,CO,US,commercial
AD882161,8372 Main Ave,Nashville,TN,US,residential
AD882686,1405 Pine Ct,Columbus,OH,US,residential
AD883721,1952 Maple Dr,Tampa,FL,US,residential
AD883897,2127 Madison Pl,Austin,TX,US,residential
AD883935,6419 Pine Ln,Sacramento,CA,US,residential
AD884050,9298 Madison Dr Ste 204,Columbus,OH,US,commercial
AD884222,3807 Washington Way,Las Vegas,NV,US,commercial
AD884255,2828 Forest Dr,Sacramento,CA,US,residential
AD884427,8039 Grove Rd,Raleigh,NC,US,commercial
AD884945,6655 Washington Ln,Austin,TX,US,residential
AD885744,7356 Chestnut Way,Minneapolis,MN,US,residential
AD886130,7018 Church Way,Columbus,OH,US,residential
AD886482,3398 Harbor Ln,Sacramento,CA,US,residential
AD886651,4161 Harbor Ave,Newark,NJ,US,residential
AD887594,3087 Mesa Ln,Minneapolis,MN,US,residential
AD888246,3381 Ridge Way,Phoenix,AZ,US,commercial
AD888564,3714 Cherry Way,Las Vegas,NV,US,commercial
AD889028,1504 Elm Pl,Austin,TX,US,residential
AD889143,7680 Highland Blvd Ste 130,Phoenix,AZ,US,commercial
AD889211,5580 Grove Dr Ste 588,Newark,NJ,US,commercial
AD890363,176 Harbor Rd,Portland,OR,US,residential
AD890927,8700 Cherry Dr,Sacramento,CA,US,residential
AD891213,1158 Madison Ct,Columbus,OH,US,residential
AD891260,1510 Elm Blvd,Austin,TX,US,residential
AD891391,1283 Cherry St,Nashville,TN,US,residential
AD892021,8314 Willow Pl,Denver,CO,US,residential
AD893067,4992 Union Ave,Minneapolis,MN,US,residential
AD893071,5360 Willow Ct,Austin,TX,US,residential
AD893113,4700 Hill Ln,Nashville,TN,US,commercial
AD893701,5361 Meadow Ln,Portland,OR,US,residential
AD894215,2906 Lakeview Ave,Sacramento,CA,US,commercial
AD894290,3699 Broad Ln,Columbus,OH,US,residential
AD895099,6780 Broad Dr,Raleigh,NC,US,commercial
AD895966,120 Park Pl,Tampa,FL,US,residential
AD896086,805 Highland Ct,Denver,CO,US,residential
AD896638,1824 Market Dr,Sacramento,CA,US,residential
AD896773,7286 Pine Dr,Tampa,FL,US,residential
AD897734,8906 Cherry Dr,Nashville,TN,US,residential
AD898796,3411 Jefferson Ave,Raleigh,NC,US,commercial
AD898799,3835 Broad Blvd,Las Vegas,NV,US,residential
AD898982,1749 Franklin Rd,Phoenix,AZ,US,residential
AD899140,909 Sunset Rd,Phoenix,AZ,US,residential
AD899447,1058 Sunset Way,Nashville,TN,US,residential
AD899679,2639 Birch St,Phoenix,AZ,US,commercial
AD900139,4300 Main Blvd,Newark,NJ,US,residential
AD900880,8076 Maple Blvd,Minneapolis,MN,US,residential
AD901587,2801 Hill Ln,Phoenix,AZ,US,residential
AD902090,5202 Lincoln Blvd,Portland,OR,US,commercial
AD903422,4701 Harbor Rd Ste 823,Minneapolis,MN,US,commercial
AD903567,1131 Cedar Ct,Austin,TX,US,residential
AD904540,2076 Broad St Ste 678,Raleigh,NC,US,commercial
AD904918,8018 Ridge Ct,Newark,NJ,US,residential
AD905182,9740 Aspen Dr,Phoenix,AZ,US,commercial
AD906198,1378 Church Dr,Newark,NJ,US,commercial
AD907503,9224 Walnut Pl,Raleigh,NC,US,residential
AD908383,8962 Franklin Pl,Las Vegas,NV,US,commercial
AD911901,1550 Broad Ct,Austin,TX,US,residential
AD912420,1551 Main St,Minneapolis,MN,US,residential
AD913036,5094 Valley Rd,Columbus,OH,US,residential
AD915041,2254 Washington Blvd,Tampa,FL,US,residential
AD915127,6621 Cedar Ct,Sacramento,CA,US,commercial
AD915293,2534 Jefferson Ln,Raleigh,NC,US,residential
AD916245,8620 Meadow Ln,Columbus,OH,US,residential
AD917255,8703 Main Ave,Phoenix,AZ,US,commercial
AD919429,7535 Washington Dr,Newark,NJ,US,residential
AD919438,9646 Maple Dr,Las Vegas,NV,US,residential
AD919732,9577 Canyon Pl,Raleigh,NC,US,residential
AD920154,8019 Mesa Rd Ste 296,Austin,TX,US,commercial
AD920171,5485 Grove Ln,Austin,TX,US,residential
AD920243,9799 Madison Rd,Columbus,OH,US,residential
AD922022,8847 Sunset Dr,Sacramento,CA,US,residential
AD922594,2541 Main Way,Sacramento,CA,US,residential
AD922888,5604 Cedar Ln,Columbus,OH,US,residential
AD923141,6099 Cedar Blvd,Denver,CO,US,residential
AD923871,7581 Maple Pl,Sacramento,CA,US,commercial
AD923960,7259 Park Ln,Raleigh,NC,US,residential
AD924977,1608 River Blvd,Denver,CO,US,residential
AD925220,3271 Jefferson Rd,Columbus,OH,US,residential
AD925311,3525 Chestnut Way,Austin,TX,US,residential
AD926724,1334 Maple Rd,Raleigh,NC,US,residential
AD926751,2663 Meadow Pl,Columbus,OH,US,residential
AD928324,"7 Harbour Chambers, Level 2",Cayman,KY,KY,registered_agent
AD928952,5967 Center Dr,Phoenix,AZ,US,residential
AD929043,6404 Washington Ln,Newark,NJ,US,commercial
AD929652,8710 Maple Dr,Nashville,TN,US,residential
AD930421,7502 Franklin Dr,Raleigh,NC,US,residential
AD930747,5219 Forest St,Tampa,FL,US,residential
AD931525,9819 Mill Dr,Sacramento,CA,US,residential
AD931783,146 Madison Way,Tampa,FL,US,commercial
AD931946,6527 Madison Pl,Sacramento,CA,US,residential
AD932566,5825 Union Rd Ste 457,Minneapolis,MN,US,commercial
AD932624,6276 Mill Ct,Portland,OR,US,residential
AD933470,1474 Lakeview Ave,Tampa,FL,US,residential
AD934036,6761 Walnut Dr,Las Vegas,NV,US,residential
AD934123,3692 Park St,Minneapolis,MN,US,residential
AD934240,981 Elm St,Newark,NJ,US,residential
AD935465,776 Cherry Pl,Minneapolis,MN,US,residential
AD935963,1875 Broad Rd,Portland,OR,US,residential
AD937489,8150 Church Pl,Austin,TX,US,residential
AD938601,1545 Meadow Rd,Columbus,OH,US,residential
AD939219,132 Broad St,Phoenix,AZ,US,residential
AD940614,4122 Harbor St,Newark,NJ,US,residential
AD940888,7569 Oak St,Phoenix,AZ,US,residential
AD941275,6288 Cherry Blvd,Las Vegas,NV,US,residential
AD942380,8523 Market Ave,Phoenix,AZ,US,residential
AD944326,5024 Lincoln Blvd,Columbus,OH,US,residential
AD944927,525 Chestnut Blvd,Newark,NJ,US,residential
AD945556,432 Canyon Way,Nashville,TN,US,residential
AD947183,5463 Chestnut Way,Austin,TX,US,residential
AD947545,8113 Lakeview Ave,Minneapolis,MN,US,residential
AD948372,3284 Mesa Dr,Denver,CO,US,residential
AD950130,8514 Canyon Ct,Austin,TX,US,commercial
AD950978,6669 Sunset Ln,Columbus,OH,US,residential
AD951056,8616 Pine Ct,Nashville,TN,US,residential
AD951151,4908 Ridge Ct,Raleigh,NC,US,residential
AD952945,9120 Sunset Blvd,Denver,CO,US,commercial
AD955067,9465 Center Dr,Austin,TX,US,commercial
AD955087,5889 Broad Ln Ste 814,Tampa,FL,US,commercial
AD955533,8349 Cedar Ln,Las Vegas,NV,US,commercial
AD956355,836 Center Ct,Columbus,OH,US,residential
AD957377,8785 Sunset Blvd,Denver,CO,US,residential
AD957795,1810 Market St Ste 823,Austin,TX,US,commercial
AD957844,8188 Main Pl,Columbus,OH,US,commercial
AD958602,8931 Park Rd,Minneapolis,MN,US,residential
AD959289,1822 Harbor Way,Austin,TX,US,residential
AD960494,4514 Washington Way,Nashville,TN,US,commercial
AD964308,9884 Aspen Rd,Las Vegas,NV,US,residential
AD964630,6074 Maple Ln,Raleigh,NC,US,residential
AD964918,5133 Willow Pl,Austin,TX,US,residential
AD965175,5178 Highland Ave,Phoenix,AZ,US,residential
AD965856,2779 Park Blvd,Denver,CO,US,residential
AD967710,6835 Meadow Ln,Phoenix,AZ,US,residential
AD969201,6180 Walnut Pl,Newark,NJ,US,residential
AD969602,4585 Church St,Sacramento,CA,US,residential
AD970083,9551 Forest Dr,Columbus,OH,US,commercial
AD971495,4882 Prospect St Ste 632,Austin,TX,US,commercial
AD971630,5257 Cherry Blvd,Las Vegas,NV,US,residential
AD972965,24 Chestnut Way,Tampa,FL,US,residential
AD973432,5244 Willow Ct,Portland,OR,US,residential
AD973605,3010 Harbor Blvd,Las Vegas,NV,US,residential
AD974376,6623 Cherry Ln,Phoenix,AZ,US,residential
AD974909,2482 Franklin Rd,Tampa,FL,US,residential
AD975153,4522 Chestnut Ln,Newark,NJ,US,residential
AD975633,2962 Cherry Rd,Tampa,FL,US,residential
AD975636,5349 Maple Rd,Tampa,FL,US,residential
AD976433,100 Broad Way,Austin,TX,US,residential
AD978360,2228 Mesa Rd Ste 250,Sacramento,CA,US,commercial
AD978842,8026 Spring Rd Ste 222,Portland,OR,US,commercial
AD978945,7864 Spring Blvd,Phoenix,AZ,US,commercial
AD980363,2061 Main Ave,Sacramento,CA,US,residential
AD980464,6633 Meadow Rd,Columbus,OH,US,residential
AD983375,9308 Cedar Way,Las Vegas,NV,US,residential
AD983668,1583 Highland Ln,Raleigh,NC,US,residential
AD984203,6493 Jefferson Ave,Austin,TX,US,residential
AD985742,2221 Park St,Austin,TX,US,residential
AD985910,9533 Maple Dr Ste 605,Minneapolis,MN,US,commercial
AD986996,1645 Aspen Dr,Nashville,TN,US,residential
AD987059,5722 Jefferson Pl,Austin,TX,US,residential
AD987101,5535 Franklin Rd,Austin,TX,US,residential
AD988226,3435 Franklin Dr,Nashville,TN,US,residential
AD988378,1448 Aspen Ave,Minneapolis,MN,US,residential
AD988817,3865 Hill Ct,Austin,TX,US,residential
AD989428,8329 Maple Pl,Minneapolis,MN,US,residential
AD989635,374 Spring St,Columbus,OH,US,residential
AD989808,3505 Mesa Way,Phoenix,AZ,US,residential
AD989891,4651 Maple St,Denver,CO,US,residential
AD990339,6074 Washington Rd,Newark,NJ,US,commercial
AD990658,5073 Grove St,Newark,NJ,US,residential
AD991861,1052 Cherry Ct,Newark,NJ,US,residential
AD992251,5909 Walnut Rd,Phoenix,AZ,US,residential
AD993282,2598 Washington Dr,Phoenix,AZ,US,residential
AD993713,811 Willow Rd,Newark,NJ,US,residential
AD993768,8192 Highland Ln Ste 471,Newark,NJ,US,commercial
AD994194,6406 Aspen Dr,Austin,TX,US,residential
AD994461,9274 Pine Blvd,Austin,TX,US,residential
AD994827,1354 Church Ct,Denver,CO,US,residential
AD994925,6060 Cherry Way,Nashville,TN,US,residential
AD996562,4787 Lake Pl,Portland,OR,US,residential
AD996755,1013 Hill Ct,Tampa,FL,US,residential
AD997095,858 Main St,Denver,CO,US,residential
AD997489,7145 Mesa St,Newark,NJ,US,commercial
