branch_id,bank_name,city,region
BR151,Pinnacle Trust,Austin,TX
BR174,Pinnacle Trust,Tampa,FL
BR195,Pinnacle Trust,Las Vegas,NV
BR197,Coastal Federal Bank,Columbus,OH
BR215,Coastal Federal Bank,Tampa,FL
BR220,Coastal Federal Bank,Tampa,FL
BR222,Coastal Federal Bank,Newark,NJ
BR224,Coastal Federal Bank,Denver,CO
BR226,Pinnacle Trust,Minneapolis,MN
BR228,First Meridian Bank,Denver,CO
BR233,First Meridian Bank,Denver,CO
BR237,First Meridian Bank,Minneapolis,MN
BR241,First Meridian Bank,Nashville,TN
BR271,Pinnacle Trust,Portland,OR
BR281,Pinnacle Trust,Raleigh,NC
BR297,Pinnacle Trust,Austin,TX
BR330,Coastal Federal Bank,Phoenix,AZ
BR331,First Meridian Bank,Tampa,FL
BR334,First Meridian Bank,Phoenix,AZ
BR359,Pinnacle Trust,Phoenix,AZ
BR421,First Meridian Bank,Raleigh,NC
BR474,Pinnacle Trust,Columbus,OH
BR477,First Meridian Bank,Phoenix,AZ
BR494,Coastal Federal Bank,Columbus,OH
BR495,Coastal Federal Bank,Nashville,TN
BR500,Pinnacle Trust,Newark,NJ
BR512,First Meridian Bank,Newark,NJ
BR528,Pinnacle Trust,Denver,CO
BR540,Coastal Federal Bank,Phoenix,AZ
BR541,Pinnacle Trust,Nashville,TN
BR573,Coastal Federal Bank,Minneapolis,MN
BR577,Pinnacle Trust,Sacramento,CA
BR609,Coastal Federal Bank,Raleigh,NC
BR633,Pinnacle Trust,Tampa,FL
BR685,First Meridian Bank,Austin,TX
BR737,First Meridian Bank,Portland,OR
BR744,Pinnacle Trust,Columbus,OH
BR774,Coastal Federal Bank,Denver,CO
BR784,Coastal Federal Bank,Las Vegas,NV
BR800,First Meridian Bank,Sacramento,CA
BR827,First Meridian Bank,Columbus,OH
BR846,First Meridian Bank,Austin,TX
BR847,Coastal Federal Bank,Sacramento,CA
BR851,Coastal Federal Bank,Austin,TX
BR874,Coastal Federal Bank,Austin,TX
BR891,Pinnacle Trust,Phoenix,AZ
BR897,Pinnacle Trust,Denver,CO
BR902,Coastal Federal Bank,Portland,OR
BR915,First Meridian Bank,Las Vegas,NV
BR945,First Meridian Bank,Columbus,OH
BR985,First Meridian Bank,Tampa,FL
