tower_id,city,region
TW1197,Raleigh,NC
TW1792,Minneapolis,MN
TW2003,Raleigh,NC
TW2049,Tampa,FL
TW2163,Las Vegas,NV
TW2211,Newark,NJ
TW2409,Minneapolis,MN
TW2411,Sacramento,CA
TW2460,Phoenix,AZ
TW2596,Phoenix,AZ
TW2632,Sacramento,CA
TW2634,Portland,OR
TW2749,Sacramento,CA
TW2757,Austin,TX
TW2859,Austin,TX
TW3009,Columbus,OH
TW3272,Las Vegas,NV
TW3277,Nashville,TN
TW3317,Austin,TX
TW3411,Portland,OR
TW3604,Las Vegas,NV
TW3623,Tampa,FL
TW4001,Columbus,OH
TW4115,Newark,NJ
TW4292,Minneapolis,MN
TW4365,Portland,OR
TW4468,Austin,TX
TW4511,Newark,NJ
TW4515,Phoenix,AZ
TW4638,Portland,OR
TW4658,Raleigh,NC
TW4751,Portland,OR
TW4965,Denver,CO
TW4970,Tampa,FL
TW5134,Phoenix,AZ
TW5229,Nashville,TN
TW5338,Nashville,TN
TW5600,Nashville,TN
TW5602,Columbus,OH
TW5609,Denver,CO
TW5712,Newark,NJ
TW5818,Las Vegas,NV
TW5833,Tampa,FL
TW5854,Sacramento,CA
TW5944,Denver,CO
TW6166,Minneapolis,MN
TW6335,Denver,CO
TW6748,Columbus,OH
TW6939,Newark,NJ
TW7134,Denver,CO
TW7667,Sacramento,CA
TW8187,Minneapolis,MN
TW8273,Austin,TX
TW8422,Phoenix,AZ
TW8537,Las Vegas,NV
TW8604,Raleigh,NC
TW8822,Columbus,OH
TW9047,Nashville,TN
TW9250,Raleigh,NC
TW9368,Tampa,FL
