owner_id,owned_id,role,ownership_pct,title,start_date,end_date
P126692,B101146,member,100.00,,2000-01-01,
P284496,B101169,director,,,1996-11-08,
P284496,B101169,shareholder,100.00,,1996-11-08,
P625110,B102222,director,,,2006-08-23,
P625110,B102222,member,100.00,,2006-08-23,
P350534,B105484,partner,46.00,,2000-07-27,
P383276,B105484,director,,,2000-07-27,
P383276,B105484,partner,34.00,,2000-07-27,
P673527,B105484,partner,20.00,,2000-07-27,
P199882,B106653,shareholder,20.00,,2017-12-28,
P510461,B106653,shareholder,30.00,,2017-12-28,
P952572,B106653,shareholder,50.00,,2017-12-28,
P657845,B113056,member,100.00,,1992-09-25,
P312174,B113878,member,50.00,,1997-05-01,
P965355,B113878,director,,,1997-05-01,
P965355,B113878,member,50.00,,1997-05-01,
P946335,B114551,shareholder,100.00,,2011-05-08,
P100979,B115960,member,40.00,,2009-09-18,
P158422,B115960,member,25.00,,2009-09-18,
P408947,B115960,member,35.00,,2009-09-18,
B817632,B117776,shareholder,100.00,,2023-01-14,
P959928,B117776,director,,,2023-01-14,
P862407,B120533,director,,,2022-01-14,
P862407,B120533,member,60.00,,2022-01-14,
P876772,B120533,member,40.00,,2022-01-14,
P348128,B123159,director,,,2009-05-30,
P348128,B123159,member,50.00,,2009-05-30,
P818024,B123159,member,50.00,,2009-05-30,
B175289,B126228,member,100.00,,2024-06-14,
P705414,B126228,officer,,Manager,2024-06-14,
P285849,B127830,director,,,2019-07-25,
P285849,B127830,member,100.00,,2019-07-25,
P738912,B128599,shareholder,100.00,,2015-07-08,
P463155,B129345,member,50.00,,2021-06-25,
P729521,B129345,director,,,2021-06-25,
P729521,B129345,member,50.00,,2021-06-25,
P395676,B131765,member,100.00,,2010-09-18,
P265777,B132410,director,,,2020-08-14,
P265777,B132410,member,100.00,,2020-08-14,
P964916,B134753,director,,,2006-12-05,
P964916,B134753,shareholder,100.00,,2006-12-05,
P130487,B136831,member,20.00,,2021-12-20,
P328628,B136831,director,,,2021-12-20,
P328628,B136831,member,80.00,,2021-12-20,
P384150,B139299,member,30.00,,2014-09-06,
P917333,B139299,director,,,2014-09-06,
P917333,B139299,member,50.00,,2014-09-06,
P932963,B139299,member,20.00,,2014-09-06,
P261962,B139516,member,50.00,,2013-02-21,
P269248,B139516,director,,,2013-02-21,
P269248,B139516,member,50.00,,2013-02-21,
B707778,B145662,member,100.00,,2020-07-11,
P192797,B146934,member,100.00,,1993-03-08,
P911331,B147800,director,,,1996-09-16,
P911331,B147800,member,100.00,,1996-09-16,
P888111,B148171,member,100.00,,2025-08-28,
P520142,B150040,member,50.00,,1996-06-21,
P777670,B150040,director,,,1996-06-21,
P777670,B150040,member,50.00,,1996-06-21,
P286260,B151076,shareholder,41.00,,2002-01-26,
P602451,B151076,director,,,2002-01-26,
P602451,B151076,shareholder,34.00,,2002-01-26,
P953308,B151076,shareholder,25.00,,2002-01-26,
P781562,B151815,director,,,2013-08-18,
P781562,B151815,member,100.00,,2013-08-18,
P157121,B154341,shareholder,50.00,,2000-10-15,
P835110,B154341,shareholder,50.00,,2000-10-15,
P149980,B155314,director,,,2001-03-24,
P149980,B155314,member,100.00,,2001-03-24,
P113640,B158042,member,100.00,,2000-01-01,
B158042,B159159,member,100.00,,2009-09-28,
P100813,B159435,director,,,1994-06-17,
P100813,B159435,shareholder,70.00,,1994-06-17,
P690674,B159435,shareholder,30.00,,1994-06-17,
P864558,B159435,officer,,CFO,2013-05-14,
P708131,B161324,director,,,2009-11-01,
P708131,B161324,member,100.00,,2009-11-01,
P359279,B163540,shareholder,100.00,,2016-09-22,
P329740,B164556,member,100.00,,2023-12-25,
P277887,B166173,member,100.00,,2000-01-01,
P383239,B171001,shareholder,34.00,,2005-01-28,
P388397,B171001,shareholder,30.00,,2005-01-28,
P936480,B171001,shareholder,36.00,,2005-01-28,
P304151,B174493,director,,,1998-01-07,
P304151,B174493,partner,100.00,,1998-01-07,
P665910,B174572,director,,,2017-10-12,
P665910,B174572,shareholder,51.00,,2017-10-12,
P704132,B174572,shareholder,49.00,,2017-10-12,
P705414,B175289,shareholder,100.00,,2023-07-02,
P959928,B175289,director,,,2023-07-02,
P701888,B175648,shareholder,100.00,,2014-10-31,
P584906,B177603,member,100.00,,2000-01-01,
P855640,B179837,director,,,2002-07-07,
P855640,B179837,shareholder,100.00,,2002-07-07,
P333073,B183096,director,,,2020-10-19,
P333073,B183096,member,100.00,,2020-10-19,
P206224,B185028,partner,100.00,,2007-01-02,
P531444,B186187,member,40.00,,2022-07-30,
P586055,B186187,member,20.00,,2022-07-30,
P931366,B186187,director,,,2022-07-30,
P931366,B186187,member,40.00,,2022-07-30,
P205988,B186982,director,,,1996-08-17,
P205988,B186982,shareholder,50.00,,1996-08-17,
P382767,B186982,shareholder,50.00,,1996-08-17,
P337215,B190395,member,30.00,,2008-11-21,
P395567,B190395,director,,,2008-11-21,
P395567,B190395,member,70.00,,2008-11-21,
P228625,B192066,shareholder,100.00,,1992-08-29,
B268548,B194728,shareholder,100.00,,1994-04-26,
P178523,B195732,director,,,1998-04-20,
P178523,B195732,shareholder,100.00,,1998-04-20,
P812175,B196811,director,,,1995-08-28,
P812175,B196811,member,70.00,,1995-08-28,
P870555,B196811,member,30.00,,1995-08-28,
P105000,B200214,director,,,2000-11-30,
P105000,B200214,member,50.00,,2000-11-30,
P597694,B200214,member,50.00,,2000-11-30,
P572514,B202997,shareholder,100.00,,2018-01-03,2024-03-01
P593321,B202997,director,,,2018-01-03,
P924222,B202997,shareholder,100.00,,2024-03-01,
P434092,B203322,member,20.00,,2006-10-03,
P546735,B203322,member,20.00,,2006-10-03,
P917126,B203322,director,,,2006-10-03,
P917126,B203322,member,60.00,,2006-10-03,
P685147,B206516,member,100.00,,2000-01-01,
P157121,B212858,director,,,2017-05-29,
P157121,B212858,member,100.00,,2017-05-29,
P537055,B217307,member,40.00,,2010-11-16,
P770783,B217307,member,60.00,,2010-11-16,
P289270,B218246,shareholder,49.00,,2008-04-29,
P408947,B218246,director,,,2008-04-29,
P408947,B218246,shareholder,51.00,,2008-04-29,
P720201,B218463,member,100.00,,2024-10-24,
P242844,B218553,shareholder,50.00,,2014-12-22,
P998774,B218553,director,,,2014-12-22,
P998774,B218553,shareholder,50.00,,2014-12-22,
P430620,B223611,director,,,2018-06-10,
P430620,B223611,partner,100.00,,2018-06-10,
P291333,B225679,member,60.00,,2016-04-12,
P954949,B225679,member,40.00,,2016-04-12,
P360926,B228165,director,,,2020-07-06,
P360926,B228165,partner,70.00,,2020-07-06,
P800052,B228165,partner,30.00,,2020-07-06,
P201512,B233952,partner,70.00,,2007-12-13,
P718528,B233952,partner,30.00,,2007-12-13,
P556447,B235910,director,,,2018-07-12,
P556447,B235910,partner,100.00,,2018-07-12,
B337769,B240247,shareholder,100.00,,2019-11-15,
P959928,B240247,director,,,2019-11-15,
P729322,B251041,director,,,2000-10-31,
P729322,B251041,partner,100.00,,2000-10-31,
P364118,B252677,member,30.00,,2003-11-04,
P779324,B252677,member,70.00,,2003-11-04,
P259072,B254918,member,49.00,,2001-05-14,
P695121,B254918,member,51.00,,2001-05-14,
P265007,B256553,director,,,2016-10-25,
P265007,B256553,shareholder,100.00,,2016-10-25,
B158042,B257640,member,100.00,,2001-11-17,
P688811,B258555,partner,100.00,,2016-05-16,
P357246,B268548,member,100.00,,2000-01-01,
P717950,B270014,director,,,2001-01-04,
P717950,B270014,member,100.00,,2001-01-04,
P732303,B270397,member,50.00,,2005-11-12,
P887929,B270397,member,50.00,,2005-11-12,
P626293,B271284,director,,,2015-06-03,
P626293,B271284,shareholder,100.00,,2015-06-03,
P871713,B272392,member,100.00,,2000-01-01,
P177724,B274037,director,,,2002-11-04,
P177724,B274037,member,60.00,,2002-11-04,
P632768,B274037,member,40.00,,2002-11-04,
P373109,B274294,director,,,2001-11-07,
P373109,B274294,member,100.00,,2001-11-07,
P237343,B276801,member,60.00,,2004-11-08,
P285849,B276801,member,40.00,,2004-11-08,
B707778,B278925,member,100.00,,1994-03-11,
P219076,B282372,partner,100.00,,1995-06-07,
P146616,B283032,director,,,1998-09-18,
P146616,B283032,shareholder,100.00,,1998-09-18,
P454394,B283211,director,,,1994-06-18,
P454394,B283211,shareholder,100.00,,1994-06-18,
P833602,B287173,member,100.00,,2011-03-07,
P278968,B288396,member,40.00,,2003-12-11,
P788098,B288396,member,60.00,,2003-12-11,
P100813,B289892,member,100.00,,1998-08-09,
P927080,B292111,director,,,2006-04-09,
P927080,B292111,partner,100.00,,2006-04-09,
P332687,B294717,director,,,2016-09-15,
P332687,B294717,shareholder,100.00,,2016-09-15,
P223475,B297389,member,100.00,,2025-03-25,
P745154,B297516,member,100.00,,2009-06-14,
P157121,B298857,member,100.00,,2015-11-23,
P177724,B304873,member,30.00,,1990-05-03,
P558166,B304873,director,,,1990-05-03,
P558166,B304873,member,70.00,,1990-05-03,
P664178,B305339,director,,,2003-01-24,
P664178,B305339,member,100.00,,2003-01-24,
P316315,B305505,shareholder,27.00,,2022-09-20,
P536870,B305505,shareholder,33.00,,2022-09-20,
P919181,B305505,shareholder,40.00,,2022-09-20,
P305618,B306838,director,,,2002-07-30,
P305618,B306838,member,51.00,,2002-07-30,
P838126,B306838,member,49.00,,2002-07-30,
B494330,B307281,member,100.00,,2012-03-06,
P213902,B307411,director,,,2013-12-09,
P213902,B307411,member,60.00,,2013-12-09,
P725252,B307411,member,40.00,,2013-12-09,
P175628,B310007,member,100.00,,2016-05-04,
P515948,B310034,shareholder,100.00,,2013-12-19,
P692880,B311045,director,,,1991-10-22,
P692880,B311045,partner,80.00,,1991-10-22,
P944825,B311045,partner,20.00,,1991-10-22,
P282991,B311449,director,,,2000-10-11,
P282991,B311449,member,100.00,,2000-10-11,
B871570,B312235,member,100.00,,1994-11-23,
P609777,B315368,director,,,1998-11-04,
P609777,B315368,shareholder,70.00,,1998-11-04,
P987313,B315368,shareholder,30.00,,1998-11-04,
P198340,B315714,director,,,1994-01-21,
P198340,B315714,member,100.00,,1994-01-21,
P135950,B317300,member,30.00,,1996-01-11,
P796900,B317300,director,,,1996-01-11,
P796900,B317300,member,70.00,,1996-01-11,
P853070,B318053,director,,,2013-10-29,
P853070,B318053,shareholder,100.00,,2013-10-29,
B268548,B319392,shareholder,100.00,,2009-12-02,
P289744,B321008,shareholder,100.00,,2023-10-25,
P959928,B321008,director,,,2023-10-25,
P302152,B321736,director,,,2003-08-25,
P302152,B321736,shareholder,50.00,,2003-08-25,
P517945,B321736,shareholder,30.00,,2003-08-25,
P965174,B321736,shareholder,20.00,,2003-08-25,
P166922,B322701,shareholder,30.00,,2017-02-04,
P311437,B322701,director,,,2017-02-04,
P311437,B322701,shareholder,60.00,,2017-02-04,
P964916,B322701,shareholder,10.00,,2017-02-04,
P407809,B322960,shareholder,30.00,,2005-12-26,
P532613,B322960,shareholder,70.00,,2005-12-26,
B494330,B327579,shareholder,100.00,,2020-10-24,
P457948,B329031,director,,,2007-08-13,
P457948,B329031,member,100.00,,2007-08-13,
P369169,B332518,director,,,2017-06-04,
P369169,B332518,shareholder,100.00,,2017-06-04,
P160952,B337769,officer,,CFO,2018-01-05,
P375632,B337769,shareholder,50.00,,1990-06-29,
P940137,B337769,director,,,1990-06-29,
P940137,B337769,shareholder,50.00,,1990-06-29,
B494330,B340566,member,100.00,,2017-02-03,
P608325,B340861,member,100.00,,2019-05-13,
P532613,B343462,shareholder,100.00,,2011-09-18,
P107467,B344415,member,50.00,,2022-04-09,
P701203,B344415,member,50.00,,2022-04-09,
P650328,B348543,shareholder,40.00,,2017-01-12,
P698563,B348543,shareholder,40.00,,2017-01-12,
P762435,B348543,shareholder,20.00,,2017-01-12,
P295300,B348570,director,,,1998-06-08,
P295300,B348570,member,80.00,,1998-06-08,
P320562,B348570,member,20.00,,1998-06-08,
P783767,B355299,shareholder,100.00,,1995-08-11,
P242856,B355866,director,,,2022-01-10,
P242856,B355866,shareholder,60.00,,2022-01-10,
P434092,B355866,shareholder,30.00,,2022-01-10,
P758398,B355866,shareholder,10.00,,2022-01-10,
P105095,B356121,member,50.00,,2001-12-26,
P211376,B356121,member,50.00,,2001-12-26,
P186607,B357946,member,100.00,,2018-03-02,
P265777,B362064,member,51.00,,2010-01-02,
P708131,B362064,member,49.00,,2010-01-02,
P145732,B362284,member,100.00,,2000-01-01,
P919639,B364395,director,,,2011-08-14,
P919639,B364395,member,100.00,,2011-08-14,
B871570,B364731,member,100.00,,2013-12-29,
P433782,B368090,member,50.00,,2017-02-20,
P588081,B368090,director,,,2017-02-20,
P588081,B368090,member,50.00,,2017-02-20,
P499715,B370767,director,,,2020-01-17,
P499715,B370767,member,100.00,,2020-01-17,
P994661,B373969,director,,,2000-07-24,
P994661,B373969,shareholder,100.00,,2000-07-24,
P517901,B374463,member,50.00,,2004-12-05,
P552417,B374463,member,50.00,,2004-12-05,
B494330,B375923,member,100.00,,2015-05-01,
P745154,B377386,member,100.00,,2008-08-23,
P563990,B378741,director,,,1996-10-22,
P563990,B378741,member,50.00,,1996-10-22,
P998412,B378741,member,50.00,,1996-10-22,
P225936,B379365,member,40.00,,2008-05-08,
P760624,B379365,director,,,2008-05-08,
P760624,B379365,member,60.00,,2008-05-08,
P862407,B384156,director,,,2014-09-19,
P862407,B384156,partner,100.00,,2014-09-19,
P153736,B385232,director,,,2016-01-13,
P954949,B385232,shareholder,100.00,,2016-01-13,
P376763,B387498,director,,,2003-08-05,
P376763,B387498,member,100.00,,2003-08-05,
B737751,B390628,shareholder,100.00,,2001-12-27,
P311540,B391378,director,,,2018-05-03,
P311540,B391378,shareholder,50.00,,2018-05-03,
P672566,B391378,shareholder,50.00,,2018-05-03,
P772681,B393226,member,100.00,,1990-05-03,
P989001,B397387,director,,,2014-04-20,
P989001,B397387,member,100.00,,2014-04-20,
P333063,B397389,director,,,2000-10-26,
P333063,B397389,partner,34.00,,2000-10-26,
P898506,B397389,partner,33.00,,2000-10-26,
P964429,B397389,partner,33.00,,2000-10-26,
P205988,B403888,director,,,1990-08-19,
P205988,B403888,member,100.00,,1990-08-19,
P699138,B406775,member,100.00,,2010-01-16,
P924331,B408376,shareholder,100.00,,2017-01-24,
P161909,B408539,member,100.00,,2000-01-01,
P313931,B411071,member,33.00,,2002-05-12,
P454048,B411071,member,33.00,,2002-05-12,
P952572,B411071,director,,,2002-05-12,
P952572,B411071,member,34.00,,2002-05-12,
P252697,B411855,member,100.00,,2024-12-12,
P384960,B412049,director,,,1999-05-23,
P384960,B412049,member,100.00,,1999-05-23,
P387826,B412067,director,,,2018-05-26,
P387826,B412067,shareholder,100.00,,2018-05-26,
P520142,B413091,member,30.00,,2002-01-18,
P688745,B413091,member,70.00,,2002-01-18,
P572116,B413937,director,,,1994-11-24,
P572116,B413937,member,100.00,,1994-11-24,
P380081,B415138,director,,,1990-05-29,
P380081,B415138,shareholder,100.00,,1990-05-29,
B225679,B416132,member,50.00,,2017-02-16,
B534012,B416132,member,50.00,,2017-02-16,
P980832,B416132,officer,,CEO,2017-02-16,
P439720,B416140,member,100.00,,2024-10-26,
P275577,B416377,member,49.00,,2012-07-01,
P560266,B416377,director,,,2012-07-01,
P560266,B416377,member,51.00,,2012-07-01,
P765280,B416751,director,,,2020-02-17,
P765280,B416751,member,100.00,,2020-02-17,
P107898,B417856,director,,,1995-05-19,
P107898,B417856,member,100.00,,1995-05-19,
P412440,B419962,shareholder,49.00,,1995-10-22,
P982097,B419962,director,,,1995-10-22,
P982097,B419962,shareholder,51.00,,1995-10-22,
P209116,B422158,shareholder,60.00,,2021-03-13,
P688745,B422158,shareholder,40.00,,2021-03-13,
P343331,B424121,shareholder,20.00,,2020-02-25,
P864558,B424121,director,,,2020-02-25,
P864558,B424121,shareholder,80.00,,2020-02-25,
P827132,B425504,shareholder,100.00,,2022-11-30,
P679500,B427438,member,49.00,,2009-08-28,
P684828,B427438,director,,,2009-08-28,
P684828,B427438,member,51.00,,2009-08-28,
B707778,B430151,shareholder,100.00,,2021-06-11,
P497475,B430613,member,100.00,,1998-10-08,
B268548,B432119,member,100.00,,1996-10-10,
P228720,B434447,shareholder,30.00,,2001-12-31,
P357246,B434447,shareholder,40.00,,2001-12-31,
P520142,B434447,shareholder,30.00,,2001-12-31,
P195750,B434835,director,,,2007-05-20,
P195750,B434835,shareholder,80.00,,2007-05-20,
P265007,B434835,shareholder,20.00,,2007-05-20,
P474770,B437012,partner,49.00,,1990-01-20,
P702228,B437012,partner,51.00,,1990-01-20,
P797430,B438691,director,,,2006-10-03,
P797430,B438691,member,100.00,,2006-10-03,
P730098,B445189,director,,,2003-08-13,
P730098,B445189,shareholder,100.00,,2003-08-13,
P927080,B450619,director,,,1996-04-24,
P927080,B450619,member,60.00,,1996-04-24,
P968263,B450619,member,40.00,,1996-04-24,
P443722,B454716,director,,,1994-04-22,
P443722,B454716,member,50.00,,1994-04-22,
P729521,B454716,member,50.00,,1994-04-22,
P748724,B459235,director,,,2015-06-27,
P748724,B459235,member,100.00,,2015-06-27,
P853797,B459369,director,,,2021-05-22,
P853797,B459369,member,100.00,,2021-05-22,
P835788,B459735,shareholder,50.00,,1993-03-12,
P961399,B459735,director,,,1993-03-12,
P961399,B459735,shareholder,50.00,,1993-03-12,
P234101,B461495,member,35.00,,2019-11-28,
P286891,B461495,member,25.00,,2019-11-28,
P601113,B461495,member,40.00,,2019-11-28,
B630108,B461500,shareholder,100.00,,2017-04-05,
P980216,B462996,director,,,2021-03-21,
P980216,B462996,member,100.00,,2021-03-21,
P405165,B467087,director,,,2002-04-14,
P405165,B467087,shareholder,100.00,,2002-04-14,
P665626,B470266,director,,,1998-07-13,
P665626,B470266,shareholder,100.00,,1998-07-13,
P184200,B478453,director,,,2005-11-30,
P184200,B478453,member,50.00,,2005-11-30,
P509953,B478453,member,50.00,,2005-11-30,
P536870,B480097,officer,,CFO,2021-08-12,
P796900,B480097,director,,,1995-04-01,
P796900,B480097,member,100.00,,1995-04-01,
P341338,B481985,director,,,1997-08-04,
P341338,B481985,member,60.00,,1997-08-04,
P563990,B481985,member,7.00,,1997-08-04,
P593201,B481985,member,33.00,,1997-08-04,
P405651,B482494,shareholder,49.00,,2015-01-22,
P491395,B482494,director,,,2015-01-22,
P491395,B482494,shareholder,51.00,,2015-01-22,
P600644,B485673,shareholder,100.00,,2008-08-06,
P807317,B489903,director,,,2009-10-28,
P807317,B489903,member,100.00,,2009-10-28,
P706810,B492138,director,,,2017-06-05,
P706810,B492138,member,50.00,,2017-06-05,
P887929,B492138,member,50.00,,2017-06-05,
P204443,B494110,director,,,2022-01-08,
P204443,B494110,member,100.00,,2022-01-08,
P827132,B494330,member,100.00,,2000-01-01,
P154260,B496392,member,40.00,,2000-07-11,
P774722,B496392,director,,,2000-07-11,
P774722,B496392,member,60.00,,2000-07-11,
P626790,B497633,member,7.00,,1994-11-12,
P710977,B497633,member,33.00,,1994-11-12,
P806542,B497633,director,,,1994-11-12,
P806542,B497633,member,60.00,,1994-11-12,
P415790,B497637,director,,,2019-08-19,
P415790,B497637,shareholder,100.00,,2019-08-19,
P193925,B498333,director,,,2005-08-25,
P193925,B498333,shareholder,100.00,,2005-08-25,
P256409,B500148,shareholder,40.00,,2014-02-12,
P875844,B500148,director,,,2014-02-12,
P875844,B500148,shareholder,60.00,,2014-02-12,
P221814,B501582,director,,,1992-06-14,
P221814,B501582,member,80.00,,1992-06-14,
P322672,B501582,member,20.00,,1992-06-14,
P747691,B501582,officer,,CFO,2015-11-26,
P941247,B501582,officer,,Controller,2014-09-28,
B158042,B502855,shareholder,100.00,,2013-06-13,
P198340,B503072,director,,,1997-03-11,
P198340,B503072,member,100.00,,1997-03-11,
P870348,B503819,director,,,2003-04-22,
P870348,B503819,member,100.00,,2003-04-22,
P243635,B505805,director,,,2010-11-17,
P243635,B505805,shareholder,100.00,,2010-11-17,
P155317,B508610,partner,7.00,,2022-11-26,
P594039,B508610,partner,33.00,,2022-11-26,
P788098,B508610,partner,60.00,,2022-11-26,
P213902,B508831,director,,,1994-09-22,
P213902,B508831,member,100.00,,1994-09-22,
P823595,B518447,member,100.00,,2004-05-10,
P102837,B523967,shareholder,100.00,,2020-10-05,
P100159,B531305,director,,,2019-03-02,
P100159,B531305,partner,100.00,,2019-03-02,
P775037,B531604,partner,60.00,,2019-01-10,
P856426,B531604,partner,40.00,,2019-01-10,
P295940,B531728,member,50.00,,2003-06-27,
P483832,B531728,director,,,2003-06-27,
P483832,B531728,member,50.00,,2003-06-27,
B385232,B534012,member,44.00,,2016-03-13,
P756592,B534012,member,56.00,,2016-03-13,
P138620,B535003,shareholder,100.00,,2020-02-01,
P153736,B535003,director,,,2020-02-01,
P809671,B535305,shareholder,100.00,,2015-12-03,
P130288,B540366,director,,,2019-08-21,
P130288,B540366,member,100.00,,2019-08-21,
P468407,B543443,director,,,2009-02-04,
P468407,B543443,shareholder,100.00,,2009-02-04,
P243294,B544463,director,,,2016-07-03,
P243294,B544463,member,70.00,,2016-07-03,
P540025,B544463,member,30.00,,2016-07-03,
B707778,B549086,shareholder,100.00,,1993-11-14,
P631439,B550708,shareholder,100.00,,2019-02-14,
P959928,B550708,director,,,2019-02-14,
P690674,B551064,member,50.00,,2012-04-18,
P796896,B551064,member,50.00,,2012-04-18,
P259072,B551519,shareholder,30.00,,2004-07-29,
P508059,B551519,director,,,2004-07-29,
P508059,B551519,shareholder,70.00,,2004-07-29,
P158094,B552400,director,,,2022-02-03,
P158094,B552400,shareholder,60.00,,2022-02-03,
P963496,B552400,shareholder,40.00,,2022-02-03,
P552417,B552485,shareholder,100.00,,2013-09-27,
P199567,B557942,director,,,2009-01-30,
P199567,B557942,member,100.00,,2009-01-30,
B615031,B558085,member,60.00,,2017-09-06,
P290314,B558085,member,10.00,,2017-09-06,
P348785,B558085,member,30.00,,2017-09-06,
P546735,B558085,officer,,Managing Director,2017-09-06,
P245553,B558470,shareholder,50.00,,1993-03-01,
P316315,B558470,director,,,1993-03-01,
P316315,B558470,shareholder,50.00,,1993-03-01,
P164161,B559271,member,50.00,,2008-12-19,
P738912,B559271,member,50.00,,2008-12-19,
P665510,B560206,shareholder,50.00,,2006-12-29,
P804801,B560206,shareholder,50.00,,2006-12-29,
P593321,B560949,director,,,2022-07-07,
P877363,B560949,shareholder,100.00,,2022-07-07,
P100813,B561348,director,,,1992-09-12,
P100813,B561348,member,51.00,,1992-09-12,
P265007,B561348,member,49.00,,1992-09-12,
P509074,B562002,shareholder,50.00,,2011-07-16,
P690294,B562002,shareholder,50.00,,2011-07-16,
B268548,B564619,member,100.00,,2010-05-31,
P288423,B566066,director,,,1991-04-12,
P288423,B566066,shareholder,100.00,,1991-04-12,
P510461,B569578,director,,,2014-04-14,
P510461,B569578,shareholder,100.00,,2014-04-14,
P286260,B571019,shareholder,40.00,,1992-09-02,
P289744,B571019,director,,,1992-09-02,
P289744,B571019,shareholder,60.00,,1992-09-02,
P247209,B574127,member,50.00,,1994-04-30,
P547764,B574127,member,50.00,,1994-04-30,
P364754,B574156,director,,,2018-11-22,
P364754,B574156,member,60.00,,2018-11-22,
P626790,B574156,member,40.00,,2018-11-22,
P228625,B583180,member,100.00,,2000-01-01,
P644950,B586243,partner,100.00,,1992-03-17,
P107898,B586291,director,,,2022-04-05,
P107898,B586291,member,100.00,,2022-04-05,
P184200,B588503,shareholder,20.00,,2000-11-14,
P927063,B588503,director,,,2000-11-14,
P927063,B588503,shareholder,80.00,,2000-11-14,
P367180,B588769,director,,,2018-05-28,
P367180,B588769,shareholder,50.00,,2018-05-28,
P795952,B588769,shareholder,17.00,,2018-05-28,
P872257,B588769,shareholder,33.00,,2018-05-28,
P236277,B589416,shareholder,50.00,,2016-08-23,
P690552,B589416,director,,,2016-08-23,
P690552,B589416,shareholder,50.00,,2016-08-23,
P457058,B591199,director,,,2022-10-15,
P457058,B591199,partner,100.00,,2022-10-15,
P164722,B593166,member,20.00,,2001-01-17,
P166074,B593166,member,30.00,,2001-01-17,
P588081,B593166,director,,,2001-01-17,
P588081,B593166,member,50.00,,2001-01-17,
B494330,B597146,shareholder,100.00,,2019-01-16,
P895932,B597583,director,,,2014-06-14,
P895932,B597583,member,100.00,,2014-06-14,
P774264,B598091,member,100.00,,2014-03-27,
P196901,B598332,director,,,2009-01-20,
P196901,B598332,member,100.00,,2009-01-20,
P680035,B598783,director,,,2021-04-05,
P680035,B598783,shareholder,100.00,,2021-04-05,
P176188,B598893,director,,,2006-02-20,
P176188,B598893,member,100.00,,2006-02-20,
P556354,B602714,director,,,1993-01-03,
P556354,B602714,shareholder,100.00,,1993-01-03,
P277887,B605911,partner,20.00,,1999-12-23,
P369169,B605911,director,,,1999-12-23,
P369169,B605911,partner,34.00,,1999-12-23,
P895441,B605911,partner,46.00,,1999-12-23,
B796539,B606246,shareholder,100.00,,2023-05-01,
P105300,B606246,shareholder,100.00,,2019-01-01,2023-05-01
P959928,B606246,director,,,2019-01-01,
P515948,B606940,shareholder,100.00,,2011-04-22,
P749621,B615031,member,100.00,,2017-02-18,
P333208,B617206,director,,,2010-04-11,
P333208,B617206,member,50.00,,2010-04-11,
P775037,B617206,member,50.00,,2010-04-11,
P535720,B617926,shareholder,30.00,,2009-02-15,
P871010,B617926,director,,,2009-02-15,
P871010,B617926,shareholder,70.00,,2009-02-15,
P407809,B618215,director,,,1999-09-30,
P407809,B618215,shareholder,100.00,,1999-09-30,
P896491,B618640,partner,100.00,,2016-04-20,
P823595,B619362,shareholder,50.00,,2001-07-20,
P885799,B619362,shareholder,50.00,,2001-07-20,
P322672,B623129,director,,,2002-08-20,
P322672,B623129,member,100.00,,2002-08-20,
P144860,B629681,director,,,2006-08-31,
P144860,B629681,shareholder,100.00,,2006-08-31,
P334398,B629888,director,,,1996-09-17,
P334398,B629888,partner,70.00,,1996-09-17,
P944618,B629888,partner,30.00,,1996-09-17,
P587578,B630108,member,100.00,,2000-01-01,
P290314,B630905,officer,,CFO,2012-02-15,
P313931,B630905,director,,,2001-12-01,
P313931,B630905,shareholder,100.00,,2001-12-01,
P705414,B630905,officer,,Controller,2020-04-29,
P339525,B631191,shareholder,60.00,,2007-03-20,
P923003,B631191,shareholder,20.00,,2007-03-20,
P946335,B631191,shareholder,20.00,,2007-03-20,
P862812,B631877,director,,,2014-09-19,
P862812,B631877,shareholder,100.00,,2014-09-19,
P198368,B634097,shareholder,30.00,,2009-11-25,
P277887,B634097,director,,,2009-11-25,
P277887,B634097,shareholder,70.00,,2009-11-25,
P290314,B634797,member,50.00,,2003-06-25,
P990659,B634797,director,,,2003-06-25,
P990659,B634797,member,50.00,,2003-06-25,
B268548,B635030,shareholder,100.00,,1997-08-09,
P420446,B639087,member,100.00,,2024-06-09,
P278968,B639452,director,,,2000-02-15,
P278968,B639452,member,100.00,,2000-02-15,
P160952,B640896,member,30.00,,2019-06-03,
P382767,B640896,director,,,2019-06-03,
P382767,B640896,member,70.00,,2019-06-03,
P351727,B641719,director,,,2005-04-26,
P351727,B641719,member,50.00,,2005-04-26,
P496147,B641719,member,50.00,,2005-04-26,
B550708,B645904,member,100.00,,2024-09-16,
P268506,B645904,officer,,Office Manager,2025-01-22,
P817657,B646743,director,,,2016-08-09,
P817657,B646743,shareholder,100.00,,2016-08-09,
P679500,B647450,member,49.00,,2019-06-21,
P990659,B647450,director,,,2019-06-21,
P990659,B647450,member,51.00,,2019-06-21,
P618874,B647934,director,,,2021-12-22,
P618874,B647934,partner,100.00,,2021-12-22,
P380081,B648255,director,,,2013-12-29,
P380081,B648255,shareholder,100.00,,2013-12-29,
B815508,B653295,shareholder,100.00,,2016-01-23,
P153736,B653295,director,,,2016-01-23,
B494330,B654148,member,100.00,,2005-04-19,
P346874,B655554,shareholder,100.00,,2004-05-28,
P102837,B658095,shareholder,50.00,,2013-10-13,
P760589,B658095,director,,,2013-10-13,
P760589,B658095,shareholder,50.00,,2013-10-13,
P768791,B658376,shareholder,100.00,,2018-02-11,
P259072,B659264,shareholder,70.00,,2001-09-22,
P573259,B659264,shareholder,30.00,,2001-09-22,
B321008,B663793,member,100.00,,2024-05-10,
P959928,B663793,director,,,2024-05-10,
P954281,B668840,shareholder,100.00,,2024-05-24,
P959928,B668840,director,,,2024-05-24,
P333073,B672069,director,,,2001-03-06,
P333073,B672069,member,70.00,,2001-03-06,
P895932,B672069,member,30.00,,2001-03-06,
P153673,B681969,director,,,2008-07-21,
P153673,B681969,shareholder,100.00,,2008-07-21,
P212617,B684965,shareholder,60.00,,2009-11-21,
P414692,B684965,shareholder,7.00,,2009-11-21,
P964844,B684965,shareholder,33.00,,2009-11-21,
P778791,B686201,shareholder,100.00,,2019-03-17,
B583180,B690796,shareholder,100.00,,2021-08-11,
B206516,B693088,shareholder,100.00,,2003-05-01,
B707778,B695422,member,100.00,,2009-02-13,
P984707,B695464,director,,,1995-09-03,
P984707,B695464,shareholder,100.00,,1995-09-03,
P196901,B699093,member,40.00,,1994-06-01,
P518406,B699093,director,,,1994-06-01,
P518406,B699093,member,60.00,,1994-06-01,
P247965,B703580,beneficiary,25.00,,2015-06-12,
P719517,B703580,trustee,,,2015-06-12,
P988576,B703580,beneficiary,75.00,,2015-06-12,
P870108,B704204,member,100.00,,2024-12-06,
P209116,B707778,member,100.00,,2000-01-01,
P175745,B707827,shareholder,30.00,,2009-02-15,
P239437,B707827,shareholder,34.00,,2009-02-15,
P626790,B707827,shareholder,36.00,,2009-02-15,
P295940,B709752,director,,,1990-05-28,
P295940,B709752,member,50.00,,1990-05-28,
P777126,B709752,member,17.00,,1990-05-28,
P900242,B709752,member,33.00,,1990-05-28,
B630108,B710928,member,100.00,,2021-03-27,
P100159,B718261,director,,,2016-12-14,
P100159,B718261,member,60.00,,2016-12-14,
P968076,B718261,member,40.00,,2016-12-14,
P896491,B719925,director,,,2021-07-20,
P896491,B719925,member,100.00,,2021-07-20,
B707778,B720378,shareholder,100.00,,2022-04-20,
P198799,B722616,officer,,CFO,2017-01-17,
P320558,B722616,director,,,1993-11-14,
P320558,B722616,shareholder,100.00,,1993-11-14,
P937331,B722616,officer,,Controller,2012-11-29,
P509333,B724513,member,100.00,,2023-10-28,
P959928,B724902,director,,,2024-08-19,
P560708,B727192,shareholder,46.00,,2021-09-04,
P742228,B727192,director,,,2021-09-04,
P742228,B727192,shareholder,34.00,,2021-09-04,
P929599,B727192,shareholder,20.00,,2021-09-04,
P336714,B728659,member,100.00,,2009-01-14,
P505919,B728831,shareholder,25.00,,2007-04-25,
P509074,B728831,shareholder,15.00,,2007-04-25,
P998204,B728831,shareholder,60.00,,2007-04-25,
P308001,B729082,shareholder,70.00,,2021-08-20,
P693437,B729082,shareholder,30.00,,2021-08-20,
P536456,B732555,director,,,1998-04-08,
P536456,B732555,shareholder,100.00,,1998-04-08,
P724827,B736806,director,,,1994-08-14,
P724827,B736806,member,100.00,,1994-08-14,
P840270,B737751,member,100.00,,2000-01-01,
P313931,B738307,partner,100.00,,2015-05-01,
B329031,B742027,shareholder,100.00,,2012-03-13,
P593321,B742027,director,,,2012-03-13,
P233611,B742339,member,100.00,,2000-01-01,
P394144,B742732,director,,,2021-09-03,
P394144,B742732,shareholder,51.00,,2021-09-03,
P929490,B742732,shareholder,49.00,,2021-09-03,
P205401,B745049,director,,,2010-06-18,
P205401,B745049,member,50.00,,2010-06-18,
P756386,B745049,member,50.00,,2010-06-18,
P691930,B746876,director,,,2002-12-01,
P691930,B746876,member,100.00,,2002-12-01,
P690674,B750876,director,,,1999-11-25,
P690674,B750876,shareholder,100.00,,1999-11-25,
P875077,B756065,member,100.00,,2024-11-08,
P573259,B756519,director,,,2021-07-18,
P573259,B756519,member,100.00,,2021-07-18,
P341204,B758366,director,,,2014-03-30,
P341204,B758366,shareholder,100.00,,2014-03-30,
P626790,B759844,director,,,2011-06-12,
P626790,B759844,member,100.00,,2011-06-12,
B630108,B764100,shareholder,100.00,,1999-09-07,
P703287,B767748,shareholder,30.00,,2021-11-22,
P868172,B767748,director,,,2021-11-22,
P868172,B767748,shareholder,70.00,,2021-11-22,
P216480,B771031,director,,,2010-06-28,
P216480,B771031,member,100.00,,2010-06-28,
P610389,B771284,member,30.00,,1990-07-18,
P882162,B771284,director,,,1990-07-18,
P882162,B771284,member,70.00,,1990-07-18,
B630108,B776647,shareholder,100.00,,2016-06-27,
P510461,B784534,member,100.00,,2018-10-27,
P806742,B784797,director,,,1992-04-30,
P806742,B784797,shareholder,70.00,,1992-04-30,
P809798,B784797,shareholder,30.00,,1992-04-30,
P383276,B788103,shareholder,100.00,,2002-08-03,
P799882,B788652,director,,,2016-09-20,
P799882,B788652,member,100.00,,2016-09-20,
P547216,B790296,director,,,2021-09-20,
P547216,B790296,shareholder,100.00,,2021-09-20,
P842288,B793203,member,100.00,,2023-10-16,
P142359,B793931,partner,40.00,,1999-11-08,
P693437,B793931,director,,,1999-11-08,
P693437,B793931,partner,60.00,,1999-11-08,
B703580,B796539,shareholder,100.00,,2015-07-12,
P153736,B796539,director,,,2015-07-12,
P100159,B798038,shareholder,30.00,,2015-02-27,
P434446,B798038,shareholder,30.00,,2015-02-27,
P608325,B798038,director,,,2015-02-27,
P608325,B798038,shareholder,40.00,,2015-02-27,
P509074,B801029,shareholder,100.00,,2004-12-08,
P153736,B807192,director,,,2021-05-14,
P970926,B807192,shareholder,100.00,,2021-05-14,
P205198,B808794,member,100.00,,2000-01-01,
B871570,B809693,shareholder,100.00,,2011-03-26,
P423267,B810885,director,,,2000-07-22,
P423267,B810885,member,100.00,,2000-07-22,
P259072,B812622,director,,,1997-06-01,
P259072,B812622,shareholder,51.00,,1997-06-01,
P783767,B812622,shareholder,49.00,,1997-06-01,
P637863,B812896,director,,,2007-01-05,
P637863,B812896,member,100.00,,2007-01-05,
P286503,B814387,director,,,2004-09-28,
P286503,B814387,member,100.00,,2004-09-28,
P409125,B815508,director,,,2001-01-01,
P409125,B815508,partner,70.00,,2001-01-01,
P584482,B815508,partner,30.00,,2001-01-01,
P871152,B817259,director,,,2015-10-31,
P871152,B817259,member,100.00,,2015-10-31,
P494464,B817632,shareholder,100.00,,2022-10-16,
P959928,B817632,director,,,2022-10-16,
P640263,B817752,director,,,2014-11-21,
P640263,B817752,shareholder,100.00,,2014-11-21,
P510461,B821519,shareholder,51.00,,2000-01-16,
P876772,B821519,shareholder,49.00,,2000-01-16,
P186607,B822207,director,,,2022-07-27,
P186607,B822207,member,34.00,,2022-07-27,
P336997,B822207,member,36.00,,2022-07-27,
P862199,B822207,member,30.00,,2022-07-27,
P927027,B823863,director,,,2018-08-19,
P927027,B823863,shareholder,100.00,,2018-08-19,
P200982,B824612,partner,49.00,,1999-09-25,
P555909,B824612,director,,,1999-09-25,
P555909,B824612,partner,51.00,,1999-09-25,
P877363,B826953,member,100.00,,2024-01-24,
P226918,B828694,shareholder,30.00,,1994-03-17,
P330396,B828694,shareholder,70.00,,1994-03-17,
P586055,B832022,director,,,1990-05-30,
P586055,B832022,member,80.00,,1990-05-30,
P758807,B832022,member,20.00,,1990-05-30,
P578522,B837159,partner,40.00,,2018-01-03,
P685903,B837159,director,,,2018-01-03,
P685903,B837159,partner,60.00,,2018-01-03,
P459255,B840636,director,,,2006-07-27,
P459255,B840636,member,100.00,,2006-07-27,
B408539,B841865,shareholder,100.00,,2007-01-09,
P904187,B842295,director,,,2009-10-01,
P904187,B842295,member,100.00,,2009-10-01,
P442196,B845215,director,,,2006-11-17,
P442196,B845215,member,100.00,,2006-11-17,
P163613,B848613,shareholder,100.00,,2017-08-06,
P153736,B851276,director,,,2020-10-17,
P497763,B851276,shareholder,100.00,,2020-10-17,
P205988,B852265,director,,,2012-08-21,
P205988,B852265,member,70.00,,2012-08-21,
P754332,B852265,member,30.00,,2012-08-21,
P219941,B853622,director,,,2001-06-18,
P219941,B853622,member,100.00,,2001-06-18,
P601113,B854602,member,100.00,,1992-05-30,
P242856,B854842,member,50.00,,1994-10-23,
P953205,B854842,director,,,1994-10-23,
P953205,B854842,member,50.00,,1994-10-23,
P242521,B859812,director,,,2014-11-05,
P242521,B859812,shareholder,100.00,,2014-11-05,
P765280,B865091,director,,,2010-10-29,
P765280,B865091,shareholder,100.00,,2010-10-29,
P178490,B866389,member,49.00,,2012-09-18,
P798948,B866389,director,,,2012-09-18,
P798948,B866389,member,51.00,,2012-09-18,
P311957,B869770,director,,,2016-09-18,
P311957,B869770,shareholder,50.00,,2016-09-18,
P868482,B869770,shareholder,50.00,,2016-09-18,
P685903,B871570,member,100.00,,2000-01-01,
P607324,B872576,member,100.00,,2000-01-01,
P430620,B873394,shareholder,50.00,,2008-02-05,
P520243,B873394,director,,,2008-02-05,
P520243,B873394,shareholder,50.00,,2008-02-05,
B606246,B874359,member,80.00,,2021-02-17,
P300523,B874359,member,20.00,,2021-02-17,
B177603,B875388,shareholder,100.00,,2021-12-24,
P229899,B876298,shareholder,100.00,,2018-02-12,
P105000,B877498,member,49.00,,2014-03-11,
P250485,B877498,member,51.00,,2014-03-11,
P950515,B882191,director,,,1993-07-22,
P950515,B882191,member,100.00,,1993-07-22,
B494330,B882505,shareholder,100.00,,1996-02-19,
P218018,B883424,shareholder,30.00,,2015-11-12,
P720201,B883424,shareholder,10.00,,2015-11-12,
P998204,B883424,shareholder,60.00,,2015-11-12,
P768791,B885774,director,,,2002-03-22,
P768791,B885774,shareholder,100.00,,2002-03-22,
P303767,B886880,member,100.00,,1998-12-25,
P494464,B888102,director,,,2009-01-25,
P494464,B888102,member,100.00,,2009-01-25,
B630108,B889051,shareholder,100.00,,1990-09-08,
P833602,B890322,director,,,2016-06-05,
P833602,B890322,shareholder,100.00,,2016-06-05,
P699355,B890827,director,,,2021-01-25,
P699355,B890827,member,100.00,,2021-01-25,
P434446,B891552,shareholder,50.00,,2017-10-09,
P727566,B891552,director,,,2017-10-09,
P727566,B891552,shareholder,50.00,,2017-10-09,
P153673,B891649,member,100.00,,2003-01-25,
P439189,B895319,director,,,2014-06-12,
P439189,B895319,member,100.00,,2014-06-12,
B202997,B896277,shareholder,100.00,,2022-06-03,
P153736,B896277,director,,,2022-06-03,
P493595,B897225,director,,,2008-05-09,
P493595,B897225,member,100.00,,2008-05-09,
P783767,B898952,member,100.00,,2023-09-21,
P778791,B899671,director,,,1991-09-27,
P778791,B899671,shareholder,51.00,,1991-09-27,
P838126,B899671,shareholder,49.00,,1991-09-27,
P113640,B911712,director,,,1992-08-01,
P113640,B911712,shareholder,100.00,,1992-08-01,
P838126,B915103,director,,,2022-07-25,
P838126,B915103,shareholder,100.00,,2022-07-25,
P529041,B917802,member,50.00,,1994-03-20,
P937331,B917802,director,,,1994-03-20,
P937331,B917802,member,50.00,,1994-03-20,
P765960,B921272,director,,,1999-02-07,
P765960,B921272,member,100.00,,1999-02-07,
P398003,B930605,director,,,2011-03-11,
P398003,B930605,member,60.00,,2011-03-11,
P658737,B930605,member,40.00,,2011-03-11,
P137295,B931411,director,,,2013-07-03,
P137295,B931411,member,100.00,,2013-07-03,
P428121,B933238,member,100.00,,2023-11-25,
B871570,B935251,member,100.00,,2009-01-09,
P440255,B935251,officer,,CFO,2020-12-14,
P555015,B935251,officer,,Controller,2024-05-05,
P213420,B938543,partner,60.00,,2011-08-03,
P329740,B938543,partner,30.00,,2011-08-03,
P818184,B938543,partner,10.00,,2011-08-03,
P781562,B939372,member,100.00,,2000-01-01,
P563786,B940507,director,,,1994-11-21,
P563786,B940507,member,100.00,,1994-11-21,
B759844,B942281,shareholder,100.00,,2017-05-26,
P593321,B942281,director,,,2017-05-26,
P885799,B942579,director,,,1996-08-31,
P885799,B942579,shareholder,100.00,,1996-08-31,
P162907,B946846,director,,,2016-10-02,
P162907,B946846,shareholder,50.00,,2016-10-02,
P606149,B946846,shareholder,50.00,,2016-10-02,
P343331,B947540,director,,,2019-08-03,
P343331,B947540,member,100.00,,2019-08-03,
B362284,B953057,shareholder,100.00,,2012-08-22,
P156006,B954088,director,,,1994-10-25,
P156006,B954088,member,50.00,,1994-10-25,
P359320,B954088,member,50.00,,1994-10-25,
P364754,B955192,director,,,2010-05-05,
P364754,B955192,shareholder,60.00,,2010-05-05,
P870276,B955192,shareholder,40.00,,2010-05-05,
P793153,B955633,member,100.00,,2007-12-10,
P702786,B958765,member,50.00,,2021-08-30,
P773125,B958765,director,,,2021-08-30,
P773125,B958765,member,50.00,,2021-08-30,
P323033,B960419,shareholder,40.00,,2016-07-26,
P695121,B960419,director,,,2016-07-26,
P695121,B960419,shareholder,60.00,,2016-07-26,
P355712,B962198,director,,,1992-04-23,
P355712,B962198,shareholder,100.00,,1992-04-23,
P259072,B965742,director,,,2004-05-18,
P259072,B965742,shareholder,100.00,,2004-05-18,
P413133,B965742,officer,,CFO,2024-02-14,
P286891,B980194,shareholder,50.00,,1996-04-21,
P934150,B980194,shareholder,50.00,,1996-04-21,
P217420,B983939,member,100.00,,2023-09-01,
P241154,B983962,partner,40.00,,2009-08-20,
P461385,B983962,director,,,2009-08-20,
P461385,B983962,partner,60.00,,2009-08-20,
P198222,B985108,shareholder,40.00,,2000-12-02,
P431575,B985108,director,,,2000-12-02,
P431575,B985108,shareholder,60.00,,2000-12-02,
P642686,B987061,director,,,2000-07-30,
P642686,B987061,shareholder,60.00,,2000-07-30,
P688811,B987061,shareholder,15.00,,2000-07-30,
P966770,B987061,shareholder,25.00,,2000-07-30,
P535720,B992239,director,,,2008-08-17,
P535720,B992239,partner,100.00,,2008-08-17,
P626790,B993304,member,50.00,,1999-04-05,
P966956,B993304,director,,,1999-04-05,
P966956,B993304,member,50.00,,1999-04-05,
P219941,B994988,member,60.00,,2000-11-25,
P395567,B994988,member,40.00,,2000-11-25,
B630108,B998025,member,100.00,,2015-06-14,
