preparer_id,person_id,firm_business_id
PTN137102,P216083,B720378
PTN175836,P571776,B852265
PTN217241,P295940,B161324
PTN230343,P666892,B852265
PTN251739,P573391,B629888
PTN258389,P164638,B629888
PTN258554,P600074,B270014
PTN292744,P885799,B270014
PTN307305,P265258,B852265
PTN351124,P333073,B195732
PTN365531,P196684,B729082
PTN382768,P852354,B729082
PTN420289,P200982,B195732
PTN563335,P732517,B489903
PTN575787,P799882,B270014
PTN668862,P545797,
PTN752730,P404399,B175648
PTN765994,P173593,B561348
PTN952209,P601113,B606940
PTN987598,P217420,B852265
