person_id_1,person_id_2,relationship
P100159,P598816,parent
P100376,P925673,sibling
P100813,P148812,parent
P100813,P980909,parent
P100973,P336528,parent
P100973,P602451,spouse
P100979,P514163,parent
P102837,P151613,parent
P102837,P253345,parent
P102837,P512444,parent
P102837,P696727,spouse
P103965,P218990,parent
P105000,P573259,spouse
P105902,P770885,sibling
P106039,P871791,sibling
P106510,P405170,spouse
P106510,P722641,parent
P106510,P818188,parent
P106825,P177214,parent
P106825,P499446,spouse
P106825,P992136,parent
P106962,P109150,parent
P106962,P421112,parent
P107293,P711204,parent
P107293,P732381,parent
P107898,P340014,spouse
P108403,P509534,parent
P108403,P896701,parent
P108682,P466244,spouse
P108976,P160164,parent
P108976,P774722,sibling
P112326,P614229,spouse
P112326,P636891,parent
P113065,P407963,parent
P113065,P475184,parent
P113065,P817223,parent
P113065,P855838,parent
P114290,P381533,parent
P114290,P592624,parent
P114290,P664178,spouse
P114724,P103379,sibling
P114724,P125501,sibling
P114916,P195409,sibling
P115658,P754777,parent
P115879,P240899,parent
P115879,P776216,parent
P115879,P804467,spouse
P115903,P623866,sibling
P117592,P541678,spouse
P118154,P225593,parent
P118206,P918801,sibling
P119408,P670634,parent
P119408,P795061,parent
P119408,P907407,parent
P119581,P540025,spouse
P119581,P835788,sibling
P119789,P197270,spouse
P119789,P556354,parent
P120520,P317221,spouse
P121131,P151537,parent
P124192,P991739,spouse
P125501,P103379,sibling
P126237,P494241,spouse
P126692,P597694,sibling
P126692,P892616,spouse
P127321,P620774,parent
P128731,P548955,sibling
P128731,P575601,sibling
P129671,P220949,spouse
P129731,P696592,sibling
P130131,P325020,spouse
P130131,P973525,parent
P130288,P377332,parent
P130288,P939982,parent
P132175,P198368,parent
P132175,P619945,spouse
P132175,P876772,parent
P133000,P833264,sibling
P133160,P811307,parent
P133160,P982672,parent
P133160,P989135,spouse
P133852,P842288,spouse
P133852,P908042,parent
P133893,P630515,parent
P133893,P650328,parent
P135068,P837346,sibling
P135585,P329120,spouse
P135585,P569615,parent
P135585,P634096,parent
P135950,P135068,parent
P135950,P837346,parent
P135950,P898506,spouse
P136791,P756434,parent
P136791,P886680,parent
P137981,P424190,sibling
P138083,P220275,parent
P138083,P605863,parent
P138083,P641817,parent
P138635,P211918,parent
P138635,P531425,parent
P138890,P937679,sibling
P138901,P587696,sibling
P138901,P945870,sibling
P138920,P113065,spouse
P138920,P407963,parent
P138920,P475184,parent
P138920,P817223,parent
P138920,P855838,parent
P139783,P807844,spouse
P140999,P823747,parent
P142248,P442341,spouse
P142328,P822453,parent
P142359,P702228,sibling
P143231,P540730,sibling
P143231,P718075,sibling
P143556,P372206,sibling
P144586,P945997,sibling
P144825,P716236,parent
P145658,P998233,sibling
P145732,P262905,parent
P145732,P503634,parent
P146077,P679031,sibling
P146564,P560985,spouse
P151127,P132437,sibling
P151160,P133893,spouse
P151160,P198113,parent
P151160,P959052,parent
P151290,P237577,parent
P151290,P383276,spouse
P151290,P612040,parent
P151290,P972138,parent
P151613,P512444,sibling
P151645,P561825,sibling
P151645,P599486,sibling
P151765,P666892,spouse
P152256,P194054,parent
P152256,P265574,spouse
P152483,P133160,parent
P152483,P832109,spouse
P153598,P168190,parent
P153598,P273130,parent
P153598,P551595,parent
P153598,P765463,parent
P153673,P541816,parent
P153673,P804014,parent
P153679,P950505,parent
P153679,P979721,parent
P154260,P236277,parent
P154260,P269248,parent
P154260,P632299,spouse
P154412,P631320,parent
P154412,P791116,parent
P154708,P793827,sibling
P155317,P665352,parent
P155317,P752520,parent
P156006,P666107,parent
P156145,P273100,spouse
P156145,P649965,parent
P156145,P680120,parent
P156443,P625284,sibling
P157121,P460720,parent
P157121,P490296,parent
P157121,P629399,spouse
P157613,P542391,sibling
P157936,P629392,parent
P157936,P926330,sibling
P158094,P276203,parent
P158094,P524700,parent
P158236,P618874,parent
P158236,P749621,parent
P158236,P783767,spouse
P158275,P388731,parent
P158275,P826793,parent
P158422,P336997,spouse
P158422,P453107,parent
P159750,P655084,parent
P159750,P986240,parent
P160952,P738686,parent
P161853,P428893,sibling
P161909,P164784,parent
P161909,P835961,spouse
P162133,P170143,parent
P162133,P192812,parent
P162907,P390588,parent
P162907,P794124,parent
P163657,P101846,parent
P163657,P262869,parent
P163989,P653589,parent
P163989,P913568,parent
P164161,P565651,parent
P164161,P977448,parent
P164223,P861866,sibling
P164632,P138620,spouse
P164722,P491713,parent
P164722,P634738,spouse
P164722,P870108,parent
P165251,P509953,parent
P165251,P550305,parent
P165923,P450416,sibling
P166074,P132437,parent
P166074,P151127,parent
P166074,P287478,parent
P166074,P369404,spouse
P166074,P402058,parent
P166357,P857717,sibling
P166808,P336674,parent
P166808,P363079,parent
P166808,P441381,parent
P166845,P348262,parent
P166877,P242879,sibling
P166877,P396890,sibling
P167078,P448231,parent
P167078,P526875,parent
P167911,P224527,spouse
P168132,P226955,sibling
P168990,P351028,parent
P168990,P688811,parent
P170143,P192812,sibling
P171635,P795952,spouse
P172233,P415790,spouse
P172251,P218247,parent
P172251,P414469,parent
P172251,P525432,spouse
P172251,P613431,parent
P172440,P402405,parent
P172440,P504332,parent
P172779,P733558,parent
P172779,P858277,spouse
P173978,P252411,spouse
P173978,P692692,parent
P174881,P120616,sibling
P174936,P377460,parent
P174936,P890221,parent
P174936,P935279,parent
P175228,P286265,parent
P175228,P555008,parent
P175293,P143556,parent
P175293,P372206,parent
P175354,P265107,parent
P175354,P929599,sibling
P175628,P288986,spouse
P175628,P541515,parent
P175723,P706810,spouse
P175723,P801190,parent
P175723,P882519,parent
P175723,P951203,parent
P175745,P561084,parent
P175745,P723209,parent
P176067,P210392,parent
P176067,P485131,parent
P176067,P634902,parent
P176067,P990475,spouse
P176188,P597469,parent
P177251,P194558,parent
P177251,P206975,parent
P177251,P928666,spouse
P177457,P445016,spouse
P177724,P173873,parent
P177767,P133852,parent
P177767,P243635,spouse
P177861,P473952,sibling
P177861,P823759,sibling
P178490,P901107,parent
P178523,P936545,parent
P178523,P953751,parent
P179615,P778942,parent
P179615,P818645,parent
P179615,P855072,parent
P180915,P762298,sibling
P180915,P942652,sibling
P183408,P180506,sibling
P184200,P105300,spouse
P184914,P332946,parent
P184914,P333862,spouse
P184914,P498424,parent
P185306,P932143,parent
P185306,P941658,spouse
P185324,P652280,sibling
P185823,P172689,spouse
P186607,P129648,parent
P187338,P200100,parent
P187338,P936388,parent
P187338,P959425,parent
P187423,P588682,sibling
P188615,P354977,spouse
P188658,P365442,parent
P188658,P991555,parent
P189940,P145732,parent
P189940,P367252,parent
P191097,P702786,parent
P191097,P703323,spouse
P191097,P986615,parent
P191636,P284756,sibling
P191636,P919098,sibling
P192797,P180915,parent
P192797,P273651,parent
P192797,P725134,spouse
P192797,P762298,parent
P192797,P942652,parent
P193573,P340216,spouse
P193573,P766230,parent
P193925,P108976,spouse
P193925,P160164,parent
P194558,P523017,spouse
P195750,P144586,parent
P195750,P945997,parent
P196123,P337454,parent
P196123,P461658,parent
P196123,P699718,parent
P196123,P751746,parent
P196684,P311957,sibling
P196684,P966770,spouse
P197224,P487375,sibling
P197270,P120520,parent
P197270,P930093,parent
P197521,P443722,spouse
P198222,P777512,parent
P198340,P854254,parent
P198340,P994136,parent
P198368,P304246,parent
P198368,P339546,parent
P198368,P613214,parent
P198368,P785434,parent
P198368,P940137,spouse
P199503,P487374,sibling
P199567,P130417,parent
P199567,P550305,spouse
P199567,P713652,parent
P199567,P839312,parent
P199701,P275759,spouse
P199882,P307667,spouse
P199882,P998412,sibling
P200100,P959425,sibling
P200390,P369404,parent
P200390,P428284,parent
P200540,P653513,sibling
P200982,P114916,parent
P200982,P195409,parent
P200982,P228720,spouse
P201304,P144825,spouse
P201304,P716236,parent
P201345,P177908,spouse
P201345,P185306,parent
P204321,P155345,parent
P204321,P948406,parent
P204894,P109486,sibling
P205198,P735040,parent
P205988,P416778,parent
P205988,P832043,spouse
P205988,P839307,parent
P206224,P740592,parent
P206224,P774040,parent
P206224,P782358,spouse
P206828,P604106,sibling
P206950,P100159,parent
P206950,P578966,parent
P206975,P384805,parent
P206975,P913916,parent
P207757,P486015,parent
P207757,P753372,parent
P208393,P121121,spouse
P209116,P934838,parent
P209463,P275101,sibling
P209463,P780460,sibling
P209736,P536883,spouse
P210101,P411301,spouse
P210392,P485131,sibling
P210743,P249614,parent
P210743,P349347,parent
P210956,P108685,spouse
P210956,P586923,parent
P211376,P729340,parent
P211376,P974091,spouse
P211760,P818493,sibling
P211918,P739611,parent
P211918,P768389,parent
P211918,P867316,spouse
P213420,P318379,parent
P213420,P829205,parent
P213420,P936915,spouse
P213420,P970915,sibling
P213902,P133000,parent
P213902,P833264,parent
P214930,P530011,parent
P214930,P651014,parent
P215214,P210461,spouse
P216083,P199567,sibling
P216083,P970540,parent
P216480,P728454,spouse
P216480,P965986,parent
P218018,P320562,spouse
P218018,P444782,parent
P218018,P562243,parent
P219076,P397128,parent
P219076,P573875,parent
P219263,P268070,sibling
P219432,P374011,parent
P221135,P549541,parent
P221135,P622645,parent
P221135,P794122,spouse
P221814,P758807,spouse
P221814,P797798,parent
P222463,P662044,spouse
P223475,P360983,parent
P223475,P426936,spouse
P223475,P902059,parent
P224092,P199473,sibling
P224503,P136791,spouse
P224503,P756434,parent
P224503,P886680,parent
P224635,P817005,parent
P225748,P226918,spouse
P226918,P730098,sibling
P227028,P418454,sibling
P228625,P718474,parent
P228720,P114916,parent
P228720,P195409,parent
P228720,P407255,sibling
P228898,P690294,spouse
P228898,P758420,parent
P228898,P789533,parent
P229808,P126741,spouse
P229899,P242201,parent
P229899,P307721,parent
P229899,P415210,parent
P230040,P507897,parent
P230040,P868211,spouse
P230040,P885553,parent
P231522,P177708,sibling
P231726,P606149,spouse
P232967,P492441,spouse
P232967,P734476,parent
P232967,P872115,parent
P234101,P211760,parent
P234101,P818493,parent
P234101,P916830,parent
P234101,P933764,spouse
P236141,P164223,parent
P236141,P861866,parent
P237343,P238733,parent
P237343,P443904,parent
P237343,P547479,spouse
P238027,P351727,spouse
P238443,P286270,parent
P238443,P511046,parent
P238443,P550276,parent
P238443,P665061,spouse
P238443,P780868,parent
P238691,P291574,parent
P238691,P413157,spouse
P238691,P462974,parent
P238691,P570882,parent
P239291,P439720,parent
P239291,P457101,parent
P239291,P643405,spouse
P239291,P917259,parent
P239437,P547977,parent
P239529,P487158,spouse
P239529,P531425,parent
P241100,P137295,spouse
P241646,P602822,spouse
P241646,P930093,parent
P241652,P151765,parent
P241788,P610389,spouse
P242201,P307721,sibling
P242521,P584482,spouse
P242521,P598637,parent
P242521,P732811,parent
P242703,P129671,parent
P242844,P323969,spouse
P242879,P396890,sibling
P243635,P439044,parent
P243635,P705414,parent
P243752,P478263,parent
P243752,P794553,parent
P244281,P501602,parent
P244281,P785335,parent
P244281,P920857,spouse
P244836,P944618,spouse
P244930,P133983,sibling
P245553,P347294,parent
P245553,P387504,spouse
P245553,P997863,parent
P245555,P413591,parent
P245555,P630881,sibling
P245555,P667163,parent
P245555,P990952,parent
P247209,P346648,parent
P247666,P151645,sibling
P247666,P561825,sibling
P247666,P599486,sibling
P247965,P839699,parent
P248083,P105300,parent
P248083,P213420,parent
P248083,P945648,spouse
P248733,P168531,parent
P248733,P392835,parent
P248733,P910865,spouse
P249908,P100376,parent
P249908,P925673,parent
P250485,P616842,parent
P250485,P824655,parent
P250485,P945129,parent
P252411,P692692,parent
P252487,P117242,parent
P252487,P151670,parent
P252487,P522507,spouse
P252697,P386668,spouse
P252697,P586965,parent
P252697,P761365,parent
P253041,P431774,parent
P253041,P680697,sibling
P253041,P725731,parent
P253345,P151613,sibling
P253345,P512444,sibling
P255007,P108403,spouse
P255007,P198368,parent
P255155,P201342,parent
P255155,P535072,parent
P255155,P574978,parent
P255155,P910888,parent
P255203,P290081,sibling
P255203,P702786,sibling
P255203,P946483,parent
P255203,P968729,parent
P255998,P939099,parent
P256409,P224503,parent
P256802,P719138,spouse
P257447,P107087,parent
P257447,P313996,parent
P257772,P310773,parent
P259715,P580895,parent
P260630,P405808,sibling
P260667,P204782,parent
P260667,P580763,parent
P260667,P670731,spouse
P262869,P101846,sibling
P262905,P503634,sibling
P264789,P385462,spouse
P265258,P214282,parent
P265258,P601377,parent
P265574,P194054,parent
P265757,P271106,spouse
P265757,P386860,parent
P265757,P852467,parent
P265777,P898930,parent
P266610,P219076,spouse
P266610,P397128,parent
P266610,P573875,parent
P266657,P665626,spouse
P267152,P328628,spouse
P267434,P273849,sibling
P267434,P451996,sibling
P267434,P560987,sibling
P268019,P387072,sibling
P268506,P280616,parent
P268506,P496100,parent
P268506,P630232,parent
P268525,P445251,sibling
P269248,P121131,spouse
P269248,P151537,parent
P269248,P883368,sibling
P269476,P166877,parent
P269476,P242879,parent
P269476,P370370,sibling
P269476,P396890,parent
P269476,P595858,spouse
P269476,P706580,parent
P269492,P809133,sibling
P269492,P966958,sibling
P271106,P386860,parent
P271106,P387504,sibling
P271106,P852467,parent
P273100,P649965,parent
P273100,P680120,parent
P273130,P168190,sibling
P273651,P180915,sibling
P273651,P762298,sibling
P273651,P942652,sibling
P275000,P879446,spouse
P275000,P909191,parent
P275101,P780460,sibling
P275577,P151645,parent
P275577,P247666,parent
P275577,P561825,parent
P275577,P599486,parent
P276105,P103379,parent
P276105,P114724,parent
P276105,P125501,parent
P276203,P524700,sibling
P276606,P248733,parent
P277502,P123109,parent
P277502,P395097,parent
P277887,P199503,parent
P277887,P487374,parent
P277887,P746385,parent
P277887,P861047,spouse
P278968,P167210,parent
P280616,P496100,sibling
P280616,P630232,sibling
P280649,P688939,spouse
P280687,P271352,sibling
P281503,P981867,sibling
P282983,P976947,parent
P282991,P268019,parent
P282991,P387072,parent
P282991,P623578,spouse
P284496,P658688,spouse
P284756,P919098,sibling
P285090,P397805,sibling
P285090,P723071,sibling
P285090,P853305,sibling
P285849,P238324,spouse
P285851,P806742,sibling
P286202,P774024,parent
P286202,P887268,parent
P286260,P161853,parent
P286260,P428893,parent
P286260,P842956,spouse
P286270,P780868,sibling
P286899,P105788,parent
P286899,P799882,sibling
P287478,P132437,sibling
P287478,P151127,sibling
P288334,P878658,parent
P288334,P908155,spouse
P288423,P671333,parent
P288423,P732784,spouse
P288620,P488873,sibling
P288620,P956814,sibling
P288809,P266388,parent
P288809,P394144,parent
P288809,P918331,spouse
P288986,P541515,parent
P288991,P312823,sibling
P288991,P623863,sibling
P289270,P922626,parent
P289744,P198799,spouse
P289911,P575773,spouse
P290081,P594260,parent
P290081,P685691,parent
P290081,P774093,parent
P290081,P807952,parent
P290155,P477911,sibling
P290314,P781407,parent
P291333,P466508,parent
P291333,P593587,parent
P291333,P887435,parent
P291828,P515225,parent
P291828,P648518,spouse
P291828,P851868,parent
P291828,P939165,parent
P292389,P264613,sibling
P292678,P127321,spouse
P292678,P868172,parent
P292816,P202881,parent
P294225,P361306,parent
P294225,P835606,parent
P294447,P215187,sibling
P294694,P724827,parent
P294694,P908446,parent
P295300,P560266,spouse
P295940,P182410,parent
P295940,P468407,spouse
P295940,P572360,parent
P295940,P959391,parent
P296569,P798060,spouse
P297478,P120616,parent
P297478,P174881,parent
P297478,P525337,spouse
P297478,P601365,parent
P298047,P691977,sibling
P298985,P187658,spouse
P300523,P333002,parent
P300523,P612658,spouse
P302152,P887268,spouse
P303127,P603099,spouse
P303127,P766281,parent
P303127,P935138,parent
P303227,P202881,parent
P303227,P292816,spouse
P303767,P750394,parent
P304151,P267037,parent
P304151,P561254,parent
P304151,P774024,spouse
P304151,P901203,parent
P304246,P339546,sibling
P304246,P613214,sibling
P304246,P785434,sibling
P304321,P722822,parent
P304542,P563990,spouse
P305022,P211918,parent
P305022,P754332,parent
P305195,P269492,parent
P305195,P490297,parent
P305195,P809133,parent
P305195,P911331,spouse
P305195,P966958,parent
P305546,P382279,parent
P305546,P482918,parent
P305546,P705516,parent
P305546,P957345,spouse
P305618,P166922,spouse
P305988,P463957,parent
P305988,P671079,spouse
P305988,P884633,parent
P306480,P945196,parent
P306971,P614229,parent
P306971,P984316,parent
P307037,P521369,parent
P307037,P593011,parent
P307037,P696461,parent
P308001,P285090,parent
P308001,P397805,parent
P308001,P723071,parent
P308001,P853305,parent
P309918,P239294,parent
P309918,P706162,parent
P310493,P492573,sibling
P311401,P793139,parent
P311437,P312353,parent
P311437,P440255,spouse
P311437,P455497,parent
P311540,P947791,parent
P311540,P974278,parent
P311957,P128731,parent
P311957,P548955,parent
P311957,P575601,parent
P312174,P596129,parent
P312174,P621821,parent
P312174,P667832,parent
P312174,P699620,parent
P312174,P717106,spouse
P312335,P333153,parent
P312335,P549120,parent
P312335,P643811,parent
P312335,P678409,parent
P312969,P809901,parent
P312969,P871093,parent
P313931,P156443,parent
P313931,P625284,parent
P313996,P107087,sibling
P314040,P241154,parent
P314412,P472681,spouse
P314412,P836327,parent
P315727,P636287,parent
P315727,P752412,spouse
P316315,P388262,parent
P316315,P679500,spouse
P317146,P338268,parent
P317146,P815593,spouse
P317181,P390252,sibling
P317752,P311540,spouse
P317752,P947791,parent
P317752,P974278,parent
P318379,P829205,sibling
P319924,P543753,sibling
P319924,P756884,sibling
P320394,P144860,spouse
P320558,P538533,parent
P320562,P444782,parent
P320562,P562243,parent
P321096,P578522,parent
P321096,P931366,parent
P321276,P902061,spouse
P321516,P491893,parent
P321516,P821779,parent
P321516,P992721,parent
P322467,P442770,spouse
P323033,P701846,parent
P323033,P974281,parent
P323630,P873827,sibling
P324326,P176188,parent
P324326,P492410,spouse
P324326,P503281,parent
P325020,P673051,parent
P326179,P478775,parent
P326179,P779712,spouse
P328931,P965472,parent
P328931,P980832,spouse
P329120,P260667,parent
P329120,P796930,parent
P329140,P848200,sibling
P330396,P394471,parent
P330396,P981067,parent
P331279,P956120,parent
P331496,P386888,sibling
P331496,P458204,sibling
P331642,P187423,parent
P331642,P588682,parent
P331642,P970915,spouse
P332687,P286891,sibling
P333063,P185324,parent
P333063,P588441,spouse
P333063,P652280,parent
P333073,P216083,spouse
P333073,P970540,parent
P333153,P549120,sibling
P333153,P643811,sibling
P333153,P678409,sibling
P333158,P155345,parent
P333158,P204321,spouse
P333158,P948406,parent
P333563,P525632,parent
P333841,P178490,spouse
P333841,P901107,parent
P333862,P592349,parent
P334190,P373908,parent
P334190,P892868,parent
P335587,P107293,spouse
P335587,P711204,parent
P335587,P732381,parent
P336674,P363079,sibling
P336674,P441381,sibling
P336714,P555909,parent
P336714,P910758,spouse
P336997,P453107,parent
P337857,P944825,parent
P338135,P329446,parent
P338135,P992750,parent
P339546,P613214,sibling
P339546,P785434,sibling
P340216,P330396,parent
P340216,P944618,parent
P340859,P153278,parent
P340859,P805751,spouse
P341204,P747560,spouse
P341204,P825301,parent
P341204,P900026,parent
P341338,P681294,parent
P342720,P250485,spouse
P342720,P616842,parent
P342720,P824655,parent
P342720,P945129,parent
P342898,P209233,spouse
P343331,P584557,parent
P343392,P585302,parent
P343392,P606245,parent
P343392,P648403,parent
P343392,P925423,parent
P346397,P145658,parent
P346397,P998233,parent
P346874,P237426,parent
P347294,P997863,sibling
P347741,P156006,spouse
P347741,P666107,parent
P347926,P330887,parent
P347926,P480579,parent
P347926,P835788,spouse
P347926,P836379,parent
P347926,P988665,parent
P348128,P145658,parent
P348128,P346397,spouse
P348128,P998233,parent
P349347,P249614,sibling
P350274,P245553,parent
P350274,P277502,parent
P350534,P107856,parent
P350534,P482382,spouse
P350828,P807352,sibling
P351146,P110812,parent
P353457,P191473,parent
P353834,P109312,spouse
P354318,P556694,parent
P354318,P774024,parent
P355867,P956643,sibling
P356000,P143231,parent
P356000,P540730,parent
P356000,P718075,parent
P356383,P378264,spouse
P356383,P518946,parent
P357268,P462128,parent
P357268,P983798,parent
P358651,P329140,parent
P358651,P332946,sibling
P358651,P848200,parent
P359279,P556447,parent
P359279,P793153,spouse
P359279,P901125,parent
P360606,P803229,parent
P360606,P864791,spouse
P361048,P402069,sibling
P361048,P764760,sibling
P361306,P835606,sibling
P361729,P387436,sibling
P362327,P600074,spouse
P364118,P154708,parent
P364118,P793827,parent
P364754,P209463,parent
P364754,P275101,parent
P364754,P780460,parent
P365442,P437687,parent
P365442,P555909,spouse
P365442,P818285,parent
P366222,P765280,spouse
P367180,P351146,parent
P367273,P318680,sibling
P367275,P243752,spouse
P367275,P478263,parent
P367275,P794553,parent
P369067,P767061,parent
P369404,P132437,parent
P369404,P151127,parent
P369404,P287478,parent
P369404,P402058,parent
P370370,P380474,parent
P370370,P448196,spouse
P370370,P511481,parent
P372380,P185302,parent
P373029,P323630,parent
P373029,P603067,sibling
P373029,P873827,parent
P373109,P245555,spouse
P373109,P413591,parent
P373109,P667163,parent
P373109,P990952,parent
P373236,P255203,spouse
P373236,P946483,parent
P373236,P968729,parent
P373438,P273171,parent
P373438,P369067,spouse
P374011,P219006,parent
P374011,P391962,parent
P374011,P650203,spouse
P374140,P414030,parent
P374140,P587578,spouse
P374278,P400464,spouse
P374278,P841081,parent
P374306,P241652,spouse
P374306,P966770,parent
P375632,P515948,spouse
P377332,P939982,sibling
P378264,P316315,parent
P378264,P862407,parent
P378958,P939108,spouse
P379369,P190023,parent
P379680,P718814,parent
P379680,P792868,parent
P379680,P891215,parent
P379876,P227028,parent
P379876,P418454,parent
P381533,P592624,sibling
P382279,P482918,sibling
P382279,P705516,sibling
P382668,P355867,parent
P382668,P956643,parent
P382767,P160952,spouse
P382767,P738686,parent
P383239,P185987,parent
P383239,P655761,spouse
P383276,P237577,parent
P383276,P612040,parent
P383276,P972138,parent
P383834,P166845,spouse
P383834,P348262,parent
P384150,P882681,spouse
P384150,P976453,parent
P384472,P187338,parent
P384472,P337857,spouse
P384805,P913916,sibling
P384960,P343331,parent
P384960,P518637,spouse
P384960,P812175,parent
P385054,P685903,parent
P385594,P901540,sibling
P385774,P573321,parent
P386668,P586965,parent
P386668,P761365,parent
P386828,P987313,spouse
P387504,P347294,parent
P387504,P997863,parent
P387600,P361729,sibling
P387600,P387436,sibling
P387826,P106090,parent
P387826,P709389,parent
P388311,P618874,spouse
P388397,P884761,parent
P390279,P161404,parent
P390279,P470113,parent
P390279,P790425,parent
P391353,P103379,parent
P391353,P114724,parent
P391353,P125501,parent
P391353,P276105,spouse
P391700,P239294,spouse
P391962,P219006,sibling
P392180,P474930,parent
P392180,P543390,parent
P392835,P168531,sibling
P393303,P627009,parent
P393303,P908543,parent
P395097,P123109,sibling
P395676,P323033,sibling
P397203,P100159,parent
P397203,P802713,parent
P398003,P183408,spouse
P399666,P432416,parent
P399666,P768651,parent
P400464,P841081,parent
P402058,P132437,sibling
P402058,P151127,sibling
P402058,P287478,sibling
P402405,P106962,spouse
P402405,P109150,parent
P402405,P421112,parent
P403434,P138620,parent
P403434,P305022,spouse
P403895,P648839,parent
P403895,P883714,parent
P404399,P469423,parent
P404399,P757375,parent
P405165,P576300,parent
P405165,P601113,spouse
P405165,P949086,parent
P405170,P722641,parent
P405170,P818188,parent
P405651,P864772,parent
P407255,P698652,spouse
P407553,P894967,sibling
P407949,P580301,parent
P407963,P475184,sibling
P407963,P817223,sibling
P407963,P855838,sibling
P407992,P323630,parent
P407992,P373029,spouse
P407992,P873827,parent
P408947,P423267,spouse
P409125,P835110,spouse
P409315,P636060,parent
P410070,P568571,parent
P410070,P685347,parent
P410070,P945802,parent
P410599,P911746,spouse
P411301,P430881,parent
P411301,P691851,parent
P411508,P777670,parent
P412440,P113640,spouse
P412440,P552417,sibling
P413133,P419750,spouse
P413133,P914685,parent
P413157,P291574,parent
P413157,P462974,parent
P413157,P570882,parent
P413162,P433579,parent
P413162,P785333,parent
P413162,P899777,parent
P413485,P319924,parent
P413485,P535868,parent
P413485,P543753,parent
P413485,P756884,parent
P413755,P826128,spouse
P414122,P296099,parent
P414122,P492185,spouse
P414469,P218247,sibling
P414469,P613431,sibling
P414594,P154412,spouse
P414594,P631320,parent
P414594,P791116,parent
P415210,P242201,sibling
P415210,P307721,sibling
P417315,P256030,sibling
P419306,P249244,parent
P419306,P956137,spouse
P419750,P914685,parent
P420446,P400051,parent
P420446,P563392,parent
P420446,P842270,parent
P421112,P109150,sibling
P422995,P200593,spouse
P424243,P350828,parent
P424243,P807352,parent
P424243,P841639,spouse
P426936,P360983,parent
P426936,P902059,parent
P428284,P562960,parent
P428284,P959052,spouse
P428805,P787859,sibling
P428852,P361048,parent
P428852,P402069,parent
P428852,P764760,parent
P429155,P408565,sibling
P430620,P100979,spouse
P430620,P514163,parent
P430881,P138901,parent
P430881,P587696,parent
P430881,P862407,spouse
P430881,P945870,parent
P432228,P361048,parent
P432228,P402069,parent
P432228,P428852,spouse
P432228,P764760,parent
P432416,P768651,sibling
P433022,P330396,parent
P433782,P271262,parent
P433782,P741416,parent
P433782,P818024,spouse
P433782,P990176,parent
P433858,P822453,parent
P433858,P929599,parent
P434092,P188810,spouse
P434446,P429761,parent
P436870,P762357,sibling
P437148,P197224,parent
P437148,P487375,parent
P437148,P690552,spouse
P437399,P907193,sibling
P437592,P537011,parent
P437592,P927063,parent
P437687,P818285,sibling
P437728,P572514,spouse
P437728,P675221,sibling
P439044,P391021,parent
P439044,P836767,parent
P439044,P885970,parent
P439189,P502844,parent
P439787,P910713,sibling
P440255,P312353,parent
P440255,P455497,parent
P440648,P165251,spouse
P440648,P321516,parent
P440648,P387504,parent
P440662,P592552,spouse
P440992,P268525,parent
P440992,P445251,parent
P440992,P477440,spouse
P441381,P363079,sibling
P441544,P439787,parent
P441544,P716339,parent
P441544,P910713,parent
P442196,P459255,spouse
P443904,P238733,sibling
P444417,P135218,spouse
P444782,P562243,sibling
P444902,P169278,sibling
P447475,P176982,parent
P448196,P380474,parent
P448196,P511481,parent
P448799,P165923,sibling
P448799,P450416,sibling
P449830,P335094,sibling
P450377,P289270,parent
P450377,P779351,spouse
P451194,P584906,parent
P451194,P970665,parent
P451996,P273849,sibling
P453000,P167210,parent
P453000,P278968,spouse
P453343,P320558,spouse
P453343,P538533,parent
P454048,P226202,spouse
P454394,P204443,parent
P454394,P931519,spouse
P454394,P938248,parent
P454724,P775037,spouse
P455497,P312353,sibling
P457058,P778306,parent
P457101,P439720,sibling
P457948,P133983,parent
P457948,P244930,parent
P458204,P386888,sibling
P458485,P209116,spouse
P458485,P934838,parent
P460720,P490296,sibling
P460860,P890944,sibling
P461385,P198340,spouse
P461385,P854254,parent
P461385,P994136,parent
P461658,P337454,sibling
P461658,P699718,sibling
P461658,P751746,sibling
P462128,P983798,sibling
P462832,P224635,spouse
P462832,P817005,parent
P462974,P291574,sibling
P462974,P570882,sibling
P464681,P631460,parent
P466508,P593587,sibling
P466508,P887435,sibling
P466512,P507707,parent
P466512,P614065,parent
P466916,P760478,sibling
P468407,P182410,parent
P468407,P572360,parent
P468407,P959391,parent
P469423,P757375,sibling
P469459,P406107,parent
P470113,P161404,sibling
P470113,P790425,sibling
P471264,P243294,spouse
P471804,P271352,sibling
P471804,P280687,sibling
P472681,P145732,parent
P472681,P892868,parent
P473952,P823759,sibling
P474651,P437399,parent
P474651,P907193,parent
P474770,P425598,spouse
P474930,P543390,sibling
P475084,P129331,parent
P475184,P817223,sibling
P475184,P855838,sibling
P477165,P290155,parent
P477165,P477911,parent
P477440,P268525,parent
P477440,P445251,parent
P478263,P794553,sibling
P479346,P833950,parent
P480579,P330887,sibling
P480579,P836379,sibling
P482382,P107856,parent
P482918,P705516,sibling
P483548,P421684,spouse
P483579,P294694,spouse
P483579,P940137,parent
P483832,P914989,spouse
P486015,P753372,sibling
P487414,P466512,spouse
P487414,P507707,parent
P487414,P614065,parent
P487652,P207399,spouse
P488715,P385594,parent
P488715,P509058,parent
P488715,P630881,spouse
P488715,P901540,parent
P488873,P956814,sibling
P490297,P269492,sibling
P490297,P809133,sibling
P490297,P966958,sibling
P490959,P504761,parent
P490959,P528625,parent
P490959,P575732,parent
P490959,P971175,parent
P491395,P199737,parent
P491401,P229899,spouse
P491401,P242201,parent
P491401,P307721,parent
P491401,P415210,parent
P491893,P821779,sibling
P491893,P992721,sibling
P492185,P296099,parent
P492410,P290314,parent
P492410,P530011,parent
P492441,P614056,parent
P492441,P632442,parent
P492443,P968076,parent
P492597,P567954,spouse
P492597,P979318,parent
P493595,P541690,parent
P493595,P555015,spouse
P493595,P571812,parent
P493595,P999065,parent
P494464,P400051,parent
P494464,P420446,spouse
P494464,P563392,parent
P494464,P842270,parent
P495448,P211605,parent
P495448,P512282,parent
P495448,P641778,parent
P495725,P617611,parent
P495725,P663548,parent
P495725,P692632,parent
P495725,P692892,parent
P496100,P630232,sibling
P496147,P366083,parent
P496147,P898235,spouse
P496147,P955068,parent
P497040,P374011,sibling
P497475,P296171,parent
P497475,P673527,spouse
P498611,P563584,sibling
P499209,P504332,parent
P499209,P866658,parent
P499446,P177214,parent
P499446,P992136,parent
P499715,P298047,parent
P499715,P691977,parent
P499715,P824002,spouse
P500112,P851987,parent
P500809,P837067,spouse
P501602,P745347,parent
P501602,P947670,parent
P503281,P238027,sibling
P503281,P650759,parent
P503281,P833907,parent
P504332,P290155,parent
P504332,P477165,spouse
P504332,P477911,parent
P505145,P566438,spouse
P505145,P760195,parent
P505919,P138890,parent
P505919,P937679,parent
P507897,P885553,sibling
P508059,P405651,spouse
P508059,P864772,parent
P508136,P495725,spouse
P508136,P617611,parent
P508136,P663548,parent
P508136,P692632,parent
P508136,P692892,parent
P509058,P385594,sibling
P509058,P901540,sibling
P509074,P138083,parent
P509074,P966956,parent
P509534,P957173,parent
P509534,P968902,parent
P509658,P409107,sibling
P509658,P789248,sibling
P509953,P205198,spouse
P509953,P735040,parent
P510461,P429761,parent
P510461,P434446,spouse
P511046,P286270,sibling
P511046,P780868,sibling
P511481,P380474,sibling
P512067,P888111,spouse
P512282,P211605,sibling
P512282,P641778,sibling
P513896,P503281,spouse
P513896,P650759,parent
P513896,P833907,parent
P514807,P332687,spouse
P515948,P146564,parent
P517814,P323860,parent
P517841,P991555,parent
P517901,P232409,parent
P517901,P912850,sibling
P518406,P388693,parent
P518406,P641347,spouse
P518946,P409107,parent
P518946,P509658,parent
P518946,P746293,parent
P518946,P789248,parent
P520142,P490959,spouse
P520142,P504761,parent
P520142,P528625,parent
P520142,P575732,parent
P520142,P971175,parent
P520243,P533351,spouse
P520600,P184683,spouse
P522507,P117242,parent
P522560,P656088,spouse
P524696,P260630,parent
P524696,P405808,parent
P524696,P579762,parent
P524696,P701589,spouse
P525337,P120616,parent
P525337,P174881,parent
P525337,P601365,parent
P525432,P218247,parent
P525432,P414469,parent
P525432,P613431,parent
P526136,P773125,spouse
P526875,P448231,sibling
P526913,P294225,spouse
P526913,P361306,parent
P526913,P835606,parent
P526955,P749271,parent
P526955,P922159,spouse
P528095,P524374,spouse
P528625,P504761,sibling
P528625,P971175,sibling
P529031,P774713,parent
P529041,P232409,parent
P529041,P517901,spouse
P530011,P146077,parent
P530011,P679031,parent
P531425,P235069,spouse
P531436,P138635,spouse
P531436,P305988,parent
P531436,P706169,parent
P532613,P290314,spouse
P532613,P781407,parent
P533351,P331279,parent
P534480,P595554,spouse
P534767,P130469,parent
P534767,P464681,spouse
P534767,P468407,parent
P534974,P228036,spouse
P535072,P201342,sibling
P535072,P574978,sibling
P535296,P361729,parent
P535296,P387436,parent
P535296,P387600,parent
P535510,P352619,sibling
P535868,P319924,sibling
P535868,P543753,sibling
P535868,P756884,sibling
P535997,P115903,sibling
P535997,P623866,sibling
P535997,P968675,sibling
P536471,P889097,parent
P536471,P893347,parent
P536870,P165923,parent
P536870,P448799,parent
P536870,P450416,parent
P536870,P658737,spouse
P537011,P308105,parent
P537011,P866916,parent
P537055,P220385,parent
P537055,P777558,spouse
P537055,P857607,parent
P539124,P223504,sibling
P539124,P696061,sibling
P540730,P718075,sibling
P542557,P429447,parent
P542557,P833602,parent
P543753,P756884,sibling
P545797,P149399,parent
P545797,P728886,parent
P545848,P436870,parent
P545848,P762357,parent
P546311,P602451,parent
P546735,P118206,parent
P546735,P918801,parent
P547216,P222577,spouse
P547479,P238733,parent
P547479,P443904,parent
P547764,P143089,spouse
P547977,P137478,parent
P547977,P734269,parent
P547977,P758398,spouse
P548402,P168132,parent
P548402,P226955,parent
P548955,P575601,sibling
P549120,P643811,sibling
P549120,P678409,sibling
P549531,P318680,sibling
P549531,P367273,sibling
P549614,P294749,parent
P550276,P286270,sibling
P550276,P511046,sibling
P550276,P780868,sibling
P550305,P130417,parent
P550305,P713652,parent
P550305,P839312,parent
P551413,P973387,spouse
P551595,P168190,sibling
P551595,P273130,sibling
P552417,P206828,parent
P552417,P604106,parent
P552417,P797510,parent
P552583,P510298,spouse
P553054,P725879,parent
P553054,P838874,parent
P553054,P973525,sibling
P553054,P979727,sibling
P554274,P240808,spouse
P554274,P312335,parent
P554274,P563786,parent
P554467,P672668,spouse
P555008,P286265,sibling
P555015,P541690,parent
P555015,P571812,parent
P555015,P999065,parent
P555909,P437687,parent
P555909,P818285,parent
P556385,P239444,sibling
P556385,P282841,spouse
P556447,P311217,spouse
P556694,P563834,parent
P556694,P787115,spouse
P557344,P259715,spouse
P557344,P534480,sibling
P557344,P580895,parent
P558166,P110812,parent
P558166,P351146,spouse
P559999,P312969,spouse
P559999,P809901,parent
P559999,P871093,parent
P560250,P342312,parent
P560250,P648012,parent
P560250,P761916,parent
P560250,P806596,parent
P560708,P627966,parent
P560708,P855747,spouse
P560708,P941568,parent
P560708,P990037,parent
P560987,P273849,sibling
P560987,P451996,sibling
P561251,P862565,spouse
P561254,P267037,sibling
P563392,P400051,sibling
P563392,P842270,sibling
P563786,P536471,spouse
P563786,P889097,parent
P563786,P893347,parent
P564157,P106090,parent
P564157,P387826,spouse
P564157,P709389,parent
P565651,P977448,sibling
P566438,P610389,parent
P567659,P638690,spouse
P567954,P979318,parent
P568349,P194558,parent
P568349,P340859,parent
P569615,P175880,parent
P570882,P291574,sibling
P570983,P340014,parent
P570983,P982097,parent
P571065,P424098,parent
P571812,P541690,sibling
P571812,P999065,sibling
P572116,P999201,spouse
P572360,P182410,sibling
P572773,P288620,parent
P572773,P488873,parent
P572773,P956814,parent
P573875,P397128,sibling
P574666,P136791,sibling
P574978,P201342,sibling
P575015,P205401,parent
P575015,P326572,spouse
P575015,P680035,parent
P575732,P504761,sibling
P575732,P528625,sibling
P575732,P971175,sibling
P575773,P531444,parent
P577047,P934279,parent
P577196,P194163,spouse
P578168,P891317,parent
P578168,P957663,parent
P578522,P191636,parent
P578522,P284756,parent
P578522,P919098,parent
P579762,P260630,sibling
P579762,P405808,sibling
P579854,P648096,parent
P580132,P437399,parent
P580132,P474651,spouse
P580132,P907193,parent
P580330,P415481,parent
P580330,P761152,parent
P580483,P751051,parent
P580483,P780305,spouse
P580659,P200390,spouse
P580763,P204782,sibling
P580834,P841233,parent
P580834,P870276,spouse
P580834,P902248,parent
P581868,P788764,spouse
P582115,P245553,parent
P582115,P819504,spouse
P582115,P908152,parent
P582904,P604278,sibling
P584482,P598637,parent
P584482,P732811,parent
P584537,P802713,sibling
P584906,P105902,parent
P584906,P770885,parent
P585302,P606245,sibling
P585302,P925423,sibling
P586683,P821732,parent
P586683,P987577,spouse
P586957,P668546,sibling
P586957,P987361,sibling
P587578,P414030,parent
P588081,P765960,sibling
P588441,P185324,parent
P588441,P652280,parent
P589455,P826657,parent
P590148,P127855,spouse
P590542,P455259,parent
P592698,P256030,parent
P592698,P417315,parent
P592791,P824002,parent
P592953,P223504,parent
P592953,P539124,parent
P592953,P696061,parent
P592953,P731831,spouse
P593011,P521369,sibling
P593011,P696461,sibling
P593201,P771788,spouse
P594039,P494464,sibling
P594039,P522519,parent
P594039,P623049,parent
P594260,P807952,sibling
P595464,P331496,parent
P595464,P386888,parent
P595464,P458204,parent
P595464,P968263,spouse
P595858,P166877,parent
P595858,P242879,parent
P595858,P396890,parent
P595858,P706580,parent
P596129,P621821,sibling
P596129,P667832,sibling
P596129,P699620,sibling
P596958,P336270,sibling
P596958,P652928,sibling
P596958,P765619,sibling
P597539,P331637,sibling
P597694,P306480,spouse
P597694,P945196,parent
P598637,P732811,sibling
P599486,P561825,sibling
P599595,P106039,parent
P599595,P803882,parent
P599595,P871791,parent
P600563,P175745,spouse
P600563,P561084,parent
P600563,P723209,parent
P600644,P704508,spouse
P601113,P576300,parent
P601113,P949086,parent
P601365,P120616,sibling
P601365,P174881,sibling
P601377,P214282,sibling
P601686,P100973,parent
P601686,P807356,parent
P602451,P336528,parent
P602822,P817657,parent
P603067,P228625,spouse
P603067,P718474,parent
P603099,P766281,parent
P603099,P935138,parent
P605863,P220275,sibling
P606245,P925423,sibling
P608325,P788494,parent
P608325,P842258,spouse
P609777,P884606,parent
P609777,P988153,parent
P610556,P507751,parent
P610556,P695360,parent
P610556,P885799,spouse
P611669,P428852,parent
P611669,P563786,parent
P612040,P237577,sibling
P612040,P972138,sibling
P612658,P333002,parent
P613214,P785434,sibling
P613431,P218247,sibling
P614056,P540613,parent
P614065,P507707,sibling
P614087,P509534,spouse
P614087,P957173,parent
P614087,P968902,parent
P614229,P636891,parent
P614460,P126692,sibling
P614460,P129331,parent
P614460,P475084,spouse
P616094,P237977,sibling
P616842,P824655,sibling
P616842,P945129,sibling
P617563,P475062,spouse
P617611,P692632,sibling
P618154,P133983,parent
P618154,P244930,parent
P618154,P457948,spouse
P618231,P303767,spouse
P618231,P750394,parent
P618638,P557856,spouse
P620774,P715267,sibling
P621821,P667832,sibling
P621821,P699620,sibling
P622645,P549541,sibling
P623049,P522519,sibling
P623578,P268019,parent
P623578,P387072,parent
P623863,P312823,sibling
P625463,P964429,parent
P626278,P223067,parent
P626293,P715628,spouse
P627099,P216083,parent
P627099,P802713,parent
P627247,P309031,spouse
P627247,P311217,parent
P627247,P633589,parent
P627966,P941568,sibling
P628923,P881222,parent
P628923,P908642,spouse
P629384,P342312,parent
P629384,P560250,spouse
P629384,P648012,parent
P629384,P761916,parent
P629384,P806596,parent
P629399,P460720,parent
P629399,P490296,parent
P629898,P945692,spouse
P630173,P330396,spouse
P630173,P394471,parent
P630173,P981067,parent
P630515,P100973,sibling
P630526,P157936,spouse
P630526,P629392,parent
P630881,P385594,parent
P630881,P509058,parent
P630881,P901540,parent
P631320,P791116,sibling
P631439,P114322,parent
P631460,P176188,spouse
P631460,P597469,parent
P631819,P178523,parent
P632299,P556385,parent
P632442,P583895,parent
P632442,P678153,parent
P632687,P141328,sibling
P632687,P169278,parent
P632687,P444902,parent
P632687,P710977,spouse
P632768,P535547,spouse
P633589,P100159,spouse
P633589,P598816,parent
P633677,P399405,spouse
P633701,P291333,sibling
P633781,P241154,spouse
P634096,P343331,spouse
P634096,P584557,parent
P634176,P339525,spouse
P634738,P491713,parent
P634738,P870108,parent
P634902,P210392,sibling
P634902,P485131,sibling
P635710,P285090,parent
P635710,P308001,spouse
P635710,P397805,parent
P635710,P723071,parent
P635710,P853305,parent
P636730,P559055,spouse
P637353,P206224,parent
P637353,P570983,spouse
P637353,P862199,parent
P640263,P129648,parent
P640263,P186607,spouse
P640477,P213420,parent
P641347,P388693,parent
P641778,P211605,sibling
P641817,P220275,sibling
P641817,P605863,sibling
P641894,P257772,parent
P642686,P853797,spouse
P642930,P392180,spouse
P642930,P474930,parent
P642930,P543390,parent
P643078,P311957,parent
P643078,P437592,spouse
P643078,P774713,parent
P643128,P848485,spouse
P643405,P439720,parent
P643405,P457101,parent
P643405,P917259,parent
P643652,P213902,parent
P643652,P571776,parent
P644790,P311401,parent
P644790,P400464,parent
P644790,P421267,spouse
P644950,P460860,parent
P644950,P883119,spouse
P644950,P890944,parent
P645830,P766268,parent
P646489,P178523,spouse
P646489,P936545,parent
P646489,P953751,parent
P648012,P342312,sibling
P648012,P806596,sibling
P648403,P585302,sibling
P648403,P606245,sibling
P648403,P925423,sibling
P648518,P515225,parent
P648518,P851868,parent
P648518,P939165,parent
P648538,P257772,spouse
P648538,P310773,parent
P648839,P883714,sibling
P650203,P219006,parent
P650203,P284496,sibling
P650203,P391962,parent
P650328,P691851,spouse
P650693,P415481,parent
P650693,P580330,spouse
P650693,P761152,parent
P650759,P833907,sibling
P652928,P336270,sibling
P653513,P327215,spouse
P655671,P391021,parent
P655671,P439044,spouse
P655671,P836767,parent
P655671,P885970,parent
P655761,P185987,parent
P656088,P634096,parent
P656088,P887929,parent
P657387,P832134,parent
P657387,P964455,spouse
P658737,P165923,parent
P658737,P448799,parent
P658737,P450416,parent
P662044,P671277,parent
P662044,P898506,parent
P663548,P617611,sibling
P663548,P692632,sibling
P663548,P692892,sibling
P664178,P381533,parent
P664178,P592624,parent
P664691,P216415,spouse
P665061,P286270,parent
P665061,P511046,parent
P665061,P550276,parent
P665061,P780868,parent
P665189,P556354,spouse
P665352,P752520,sibling
P665510,P166808,spouse
P665510,P336674,parent
P665510,P363079,parent
P665510,P441381,parent
P666366,P586957,parent
P666366,P668546,parent
P666366,P883368,spouse
P666366,P987361,parent
P667163,P413591,sibling
P668546,P987361,sibling
P669867,P989001,spouse
P670731,P204782,parent
P670731,P580763,parent
P671079,P463957,parent
P671079,P884633,parent
P671145,P877363,parent
P671277,P105300,sibling
P671277,P153598,spouse
P671277,P168190,parent
P671277,P273130,parent
P671277,P551595,parent
P671277,P765463,parent
P672566,P157613,parent
P672566,P542391,parent
P673051,P291586,parent
P673527,P296171,parent
P675221,P466244,sibling
P676924,P313931,parent
P678153,P583895,sibling
P678409,P643811,sibling
P679500,P388262,parent
P679605,P376763,spouse
P680035,P103051,parent
P680120,P649965,sibling
P680389,P315819,parent
P680697,P194876,parent
P681095,P369073,parent
P682704,P323033,spouse
P682704,P701846,parent
P682704,P974281,parent
P684828,P352619,parent
P684828,P535510,parent
P684855,P154708,parent
P684855,P364118,spouse
P684855,P793827,parent
P685024,P547216,sibling
P685147,P264613,parent
P685147,P292389,parent
P685298,P633790,parent
P685298,P688959,parent
P685298,P870348,spouse
P685347,P568571,sibling
P685691,P594260,sibling
P685691,P807952,sibling
P685903,P271352,parent
P685903,P280687,parent
P685903,P471804,parent
P686011,P531444,parent
P686011,P766268,parent
P686880,P161246,parent
P687473,P129731,parent
P687473,P696592,parent
P687808,P500112,spouse
P687946,P177708,parent
P687946,P231522,parent
P688745,P128731,parent
P688745,P311957,spouse
P688745,P548955,parent
P688745,P575601,parent
P688811,P748753,parent
P688959,P633790,sibling
P689348,P835327,parent
P690294,P758420,parent
P690294,P789533,parent
P690552,P197224,parent
P690552,P487375,parent
P690674,P130288,spouse
P690674,P377332,parent
P690674,P939982,parent
P691743,P103051,parent
P691743,P680035,spouse
P692880,P926330,sibling
P692892,P617611,sibling
P692892,P692632,sibling
P693437,P637863,sibling
P693949,P569068,parent
P693949,P863533,spouse
P695121,P256030,parent
P695121,P417315,parent
P695121,P592698,spouse
P695360,P507751,sibling
P696061,P223504,sibling
P696461,P521369,sibling
P696727,P151613,parent
P696727,P253345,parent
P696727,P512444,parent
P696905,P282841,parent
P698602,P458483,parent
P698647,P151645,parent
P698647,P247666,parent
P698647,P275577,spouse
P698647,P561825,parent
P698647,P599486,parent
P699138,P182333,parent
P699355,P311401,spouse
P699355,P793139,parent
P699464,P144858,parent
P699464,P696905,spouse
P699464,P706810,parent
P699620,P667832,sibling
P699718,P337454,sibling
P699718,P751746,sibling
P701203,P331279,spouse
P701203,P956120,parent
P701589,P260630,parent
P701589,P405808,parent
P701589,P579762,parent
P701888,P760728,parent
P702228,P442770,sibling
P702342,P702786,spouse
P702786,P132336,sibling
P702786,P870555,sibling
P703287,P269476,sibling
P703287,P536456,spouse
P703451,P424500,parent
P704132,P606779,parent
P704132,P760624,parent
P705414,P199795,parent
P706162,P150781,parent
P706162,P809210,parent
P706169,P100376,parent
P706169,P249908,spouse
P706169,P925673,parent
P706580,P166877,sibling
P706580,P242879,sibling
P706580,P396890,sibling
P706810,P801190,parent
P706810,P882519,parent
P706810,P951203,parent
P707886,P252392,sibling
P707890,P751894,parent
P709389,P106090,sibling
P709405,P359320,spouse
P709610,P231682,sibling
P710977,P169278,parent
P710977,P444902,parent
P711204,P732381,sibling
P711208,P631460,parent
P711208,P690552,parent
P711549,P214930,spouse
P713652,P130417,sibling
P713652,P839312,sibling
P714301,P264357,parent
P714301,P796930,spouse
P715267,P237977,parent
P715267,P616094,parent
P715267,P816753,parent
P715267,P965727,spouse
P715548,P227028,parent
P715548,P379876,spouse
P715548,P418454,parent
P716339,P439787,sibling
P716339,P910713,sibling
P717106,P596129,parent
P717106,P621821,parent
P717106,P667832,parent
P717106,P699620,parent
P717950,P388397,spouse
P717950,P884761,parent
P718528,P164161,spouse
P718528,P547216,sibling
P718528,P565651,parent
P718528,P977448,parent
P718814,P792868,sibling
P719363,P335094,parent
P719363,P449830,parent
P719404,P374278,parent
P719916,P119408,spouse
P719916,P670634,parent
P719916,P795061,parent
P719916,P907407,parent
P720201,P795027,sibling
P720201,P851467,parent
P722822,P166357,parent
P722822,P857717,parent
P722980,P225936,parent
P723071,P397805,sibling
P723071,P853305,sibling
P723209,P561084,sibling
P724315,P373866,parent
P724315,P938090,parent
P725010,P175880,parent
P725010,P569615,spouse
P725134,P180915,parent
P725134,P273651,parent
P725134,P762298,parent
P725134,P942652,parent
P725252,P404399,spouse
P725252,P469423,parent
P725252,P757375,parent
P725731,P431774,sibling
P725845,P872222,spouse
P725879,P838874,sibling
P725918,P964324,spouse
P727244,P886200,spouse
P727566,P395676,spouse
P728318,P651014,spouse
P728454,P965986,parent
P728886,P149399,sibling
P729322,P892454,parent
P729322,P964916,spouse
P729322,P998121,parent
P729521,P185302,parent
P729521,P372380,spouse
P729717,P579854,spouse
P729717,P648096,parent
P730098,P115903,parent
P730098,P535997,parent
P730098,P623866,parent
P730098,P968675,parent
P730098,P997949,spouse
P730407,P711208,spouse
P731115,P568138,parent
P731831,P223504,parent
P731831,P539124,parent
P731831,P696061,parent
P732303,P317221,parent
P732303,P993781,spouse
P732784,P671333,parent
P734269,P137478,sibling
P734278,P651014,parent
P734278,P983623,spouse
P734476,P297910,spouse
P735197,P814001,spouse
P735774,P291333,spouse
P735774,P466508,parent
P735774,P593587,parent
P735774,P887435,parent
P736232,P199473,parent
P736232,P224092,parent
P737634,P225990,spouse
P738912,P869745,parent
P739359,P732517,spouse
P740056,P893626,spouse
P740056,P949025,parent
P740592,P774040,sibling
P740803,P437826,parent
P741416,P271262,sibling
P741416,P990176,sibling
P742228,P707890,spouse
P742228,P751894,parent
P742705,P205198,parent
P742705,P510461,parent
P742705,P592791,spouse
P742910,P746563,parent
P744030,P430881,parent
P744030,P545797,parent
P744030,P821654,spouse
P744416,P793528,parent
P744416,P917126,spouse
P744785,P242521,parent
P744785,P315819,parent
P744785,P957169,spouse
P745154,P275056,spouse
P745347,P947670,sibling
P746293,P409107,sibling
P746293,P509658,sibling
P746293,P789248,sibling
P746385,P199503,sibling
P746385,P487374,sibling
P747560,P825301,parent
P747560,P900026,parent
P747561,P155317,spouse
P747561,P665352,parent
P747561,P752520,parent
P747691,P867219,spouse
P748054,P162133,parent
P748054,P625110,spouse
P748054,P989135,parent
P748724,P690552,parent
P750114,P157936,parent
P751746,P337454,sibling
P752379,P767061,spouse
P752379,P837436,parent
P752412,P636287,parent
P753441,P163989,parent
P753441,P784085,spouse
P754332,P930093,spouse
P754932,P352619,parent
P754932,P535510,parent
P754932,P684828,spouse
P755123,P281503,parent
P755123,P971158,spouse
P755123,P981867,parent
P755234,P979727,spouse
P756219,P413162,spouse
P756219,P433579,parent
P756219,P785333,parent
P756219,P899777,parent
P756270,P150781,parent
P756270,P706162,spouse
P756270,P809210,parent
P756386,P210743,spouse
P756386,P249614,parent
P756386,P349347,parent
P756434,P886680,sibling
P757920,P139552,spouse
P758398,P137478,parent
P758398,P734269,parent
P758776,P264789,sibling
P758807,P797798,parent
P760184,P133000,parent
P760184,P213902,spouse
P760184,P833264,parent
P760195,P887929,spouse
P760195,P974516,parent
P760589,P919210,spouse
P760905,P966956,spouse
P761108,P265777,spouse
P761108,P898930,parent
P761152,P415481,sibling
P761365,P586965,sibling
P761499,P167078,spouse
P761499,P448231,parent
P761499,P526875,parent
P761916,P342312,sibling
P761916,P648012,sibling
P761916,P806596,sibling
P762298,P942652,sibling
P762379,P265258,parent
P762379,P529031,spouse
P762379,P774264,parent
P762435,P424098,parent
P762435,P571065,spouse
P763922,P701888,spouse
P763922,P760728,parent
P764760,P402069,sibling
P765463,P168190,sibling
P765463,P273130,sibling
P765463,P551595,sibling
P765619,P336270,sibling
P765619,P652928,sibling
P765960,P173873,parent
P765960,P175228,sibling
P765960,P177724,spouse
P767061,P837436,parent
P767576,P950515,spouse
P767584,P768791,spouse
P768174,P632527,spouse
P768389,P739611,sibling
P770783,P393303,spouse
P770783,P627009,parent
P770783,P908543,parent
P771355,P183408,parent
P771355,P314040,spouse
P771355,P844635,parent
P771653,P367252,parent
P772542,P698602,parent
P772542,P961481,spouse
P772681,P333563,spouse
P772681,P525632,parent
P773302,P289270,spouse
P773302,P922626,parent
P774024,P267037,parent
P774024,P561254,parent
P774024,P901203,parent
P774042,P355712,spouse
P774093,P594260,sibling
P774093,P685691,sibling
P774093,P807952,sibling
P774264,P228898,sibling
P774264,P407553,parent
P774264,P894967,parent
P774722,P736762,spouse
P775538,P586923,spouse
P776216,P240899,sibling
P776941,P339461,parent
P776941,P783825,parent
P776941,P954979,parent
P776941,P991555,spouse
P777126,P987402,parent
P777558,P220385,parent
P777558,P857607,parent
P777670,P130469,spouse
P777801,P699273,spouse
P778791,P161404,parent
P778791,P390279,spouse
P778791,P470113,parent
P778791,P790425,parent
P778881,P503281,parent
P778881,P511254,spouse
P779351,P980216,parent
P779712,P478775,parent
P779720,P834830,parent
P780305,P751051,parent
P782358,P740592,parent
P782358,P774040,parent
P783015,P861047,parent
P783556,P845285,sibling
P783767,P305546,parent
P783767,P312969,parent
P783825,P339461,sibling
P784085,P588081,parent
P784085,P724827,parent
P784963,P267434,parent
P784963,P273849,parent
P784963,P451996,parent
P784963,P560987,parent
P785333,P433579,sibling
P785333,P899777,sibling
P786212,P400464,parent
P787115,P563834,parent
P787709,P175228,spouse
P787709,P286265,parent
P787709,P555008,parent
P789248,P409107,sibling
P789488,P406107,parent
P789488,P469459,spouse
P789533,P758420,sibling
P790069,P868172,spouse
P790338,P292531,spouse
P790425,P161404,sibling
P793153,P238324,parent
P793153,P545797,parent
P794122,P549541,parent
P794122,P622645,parent
P794124,P390588,sibling
P794512,P146077,parent
P794512,P530011,spouse
P794512,P679031,parent
P795027,P375413,parent
P795061,P670634,sibling
P796392,P511045,spouse
P796896,P842519,parent
P796896,P896491,spouse
P796896,P913106,parent
P796896,P984009,parent
P796900,P798948,parent
P796930,P264357,parent
P797355,P177708,parent
P797355,P231522,parent
P797355,P687946,spouse
P797430,P167911,parent
P797510,P206828,sibling
P797510,P604106,sibling
P798060,P980216,parent
P798948,P107087,parent
P798948,P257447,spouse
P798948,P313996,parent
P800052,P205401,sibling
P800052,P817657,spouse
P800552,P498611,parent
P800552,P563584,parent
P801190,P882519,sibling
P801190,P951203,sibling
P802618,P415909,sibling
P802713,P176982,parent
P802713,P447475,spouse
P803882,P106039,sibling
P803882,P871791,sibling
P804014,P541816,sibling
P804467,P240899,parent
P804467,P776216,parent
P804801,P525297,spouse
P805471,P970915,parent
P805648,P490998,spouse
P805751,P153278,parent
P806542,P253239,spouse
P806542,P563990,parent
P806542,P603099,parent
P806596,P342312,sibling
P806742,P105851,spouse
P807317,P331637,parent
P807317,P597539,parent
P807377,P296576,parent
P807377,P963201,spouse
P809133,P966958,sibling
P809210,P150781,sibling
P809671,P545224,parent
P809798,P531444,spouse
P811307,P982672,sibling
P812175,P336270,parent
P812175,P596958,parent
P812175,P652928,parent
P812175,P765619,parent
P814001,P833602,parent
P814412,P156376,spouse
P815354,P117382,spouse
P815593,P338268,parent
P816753,P237977,sibling
P816753,P616094,sibling
P817223,P855838,sibling
P818024,P271262,parent
P818024,P741416,parent
P818024,P990176,parent
P818184,P198222,spouse
P818184,P777512,parent
P818188,P722641,sibling
P818645,P778942,sibling
P821504,P582904,parent
P821504,P604278,parent
P821504,P866365,parent
P821504,P983389,parent
P821779,P992721,sibling
P821958,P986615,parent
P822378,P864059,spouse
P822453,P162133,spouse
P822453,P170143,parent
P822453,P192812,parent
P823595,P860826,spouse
P823595,P882681,parent
P823637,P310493,sibling
P823637,P492573,sibling
P824002,P298047,parent
P824002,P691977,parent
P824774,P149399,parent
P824774,P545797,spouse
P824774,P728886,parent
P825135,P587753,spouse
P826793,P388731,sibling
P827132,P153679,spouse
P827132,P536870,sibling
P827132,P950505,parent
P827132,P979721,parent
P827888,P546311,spouse
P828585,P254643,spouse
P832043,P416778,parent
P832043,P839307,parent
P832109,P927027,parent
P832109,P934150,parent
P832971,P215187,parent
P832971,P294447,parent
P832971,P978059,spouse
P833231,P526334,spouse
P833950,P317181,parent
P833950,P390252,parent
P835327,P109486,parent
P835327,P204894,parent
P835327,P997641,parent
P835788,P330887,parent
P835788,P480579,parent
P835788,P836379,parent
P835788,P988665,parent
P835961,P164784,parent
P836327,P642981,parent
P836327,P928244,parent
P836379,P330887,sibling
P836767,P391021,sibling
P837517,P168132,parent
P837517,P226955,parent
P837517,P548402,spouse
P838126,P198113,spouse
P839307,P416778,sibling
P839312,P130417,sibling
P839699,P143556,parent
P839699,P175293,spouse
P839699,P372206,parent
P840094,P877497,parent
P840094,P907546,parent
P840270,P247965,spouse
P840270,P755234,parent
P840270,P967806,parent
P840349,P166922,parent
P841233,P902248,sibling
P841639,P350828,parent
P841639,P807352,parent
P842258,P788494,parent
P842270,P400051,sibling
P842288,P908042,parent
P842956,P161853,parent
P842956,P428893,parent
P848485,P149980,parent
P848485,P398003,parent
P851807,P415909,sibling
P851807,P802618,sibling
P851868,P515225,sibling
P851868,P939165,sibling
P851987,P783556,parent
P851987,P845285,parent
P851987,P989834,spouse
P852467,P386860,sibling
P853070,P833602,spouse
P853305,P397805,sibling
P854567,P106039,parent
P854567,P599595,spouse
P854567,P803882,parent
P854567,P871791,parent
P855072,P778942,sibling
P855072,P818645,sibling
P855640,P199473,parent
P855640,P224092,parent
P855640,P736232,spouse
P855747,P627966,parent
P855747,P941568,parent
P855747,P990037,parent
P856426,P631439,parent
P856426,P835961,parent
P857607,P220385,sibling
P858259,P554467,parent
P858259,P631819,spouse
P858259,P861047,parent
P858277,P733558,parent
P858793,P373866,parent
P858793,P724315,spouse
P858793,P938090,parent
P860826,P385462,parent
P860826,P760195,parent
P861047,P199503,parent
P861047,P487374,parent
P861047,P746385,parent
P861047,P777801,sibling
P862199,P158094,spouse
P862199,P276203,parent
P862199,P524700,parent
P862333,P105902,parent
P862333,P584906,spouse
P862333,P770885,parent
P862407,P138901,parent
P862407,P587696,parent
P862407,P945870,parent
P862798,P542557,spouse
P863533,P569068,parent
P864558,P428805,parent
P864558,P787859,parent
P864791,P803229,parent
P866002,P309735,spouse
P866365,P582904,sibling
P866365,P604278,sibling
P866658,P201342,parent
P866658,P255155,spouse
P866658,P535072,parent
P866658,P574978,parent
P866658,P910888,parent
P866916,P308105,sibling
P867316,P739611,parent
P867316,P768389,parent
P868211,P507897,parent
P868211,P885553,parent
P868482,P205401,parent
P868482,P900974,parent
P870108,P491713,sibling
P870276,P841233,parent
P870276,P902248,parent
P870348,P633790,parent
P870348,P688959,parent
P870555,P109486,parent
P870555,P204894,parent
P870555,P835327,spouse
P870555,P997641,parent
P871010,P340014,sibling
P871093,P809901,sibling
P871152,P168303,parent
P871152,P915674,parent
P871713,P466916,parent
P871713,P760478,parent
P875077,P729449,spouse
P875844,P115658,spouse
P875844,P754777,parent
P876772,P583895,parent
P876772,P632442,spouse
P876772,P678153,parent
P877363,P537454,spouse
P877497,P907546,sibling
P877584,P175745,parent
P877584,P698602,parent
P877918,P917051,sibling
P878482,P265757,parent
P878482,P752379,parent
P878591,P241154,parent
P878591,P551946,spouse
P878591,P862565,parent
P878658,P407553,parent
P878658,P774264,spouse
P878658,P894967,parent
P879446,P909191,parent
P879587,P310493,parent
P879587,P492573,parent
P879587,P823637,parent
P880506,P291216,spouse
P881222,P198368,sibling
P881222,P219263,parent
P881222,P268070,parent
P882113,P518406,parent
P882340,P552417,parent
P882519,P951203,sibling
P882681,P976453,parent
P883119,P460860,parent
P883119,P890944,parent
P883368,P586957,parent
P883368,P668546,parent
P883368,P987361,parent
P884606,P988153,sibling
P884633,P463957,sibling
P885207,P382710,spouse
P885799,P507751,parent
P885799,P695360,parent
P885970,P391021,sibling
P885970,P836767,sibling
P886801,P877587,spouse
P886854,P288991,parent
P886854,P312823,parent
P886854,P623863,parent
P887050,P142328,spouse
P887050,P768174,parent
P887435,P593587,sibling
P887929,P974516,parent
P888895,P385774,spouse
P888895,P573321,parent
P889097,P893347,sibling
P890221,P377460,sibling
P890221,P935279,sibling
P890306,P255998,spouse
P890306,P939099,parent
P891215,P718814,sibling
P891215,P792868,sibling
P891743,P643652,spouse
P893352,P578966,spouse
P893626,P472695,parent
P895441,P143231,parent
P895441,P320562,sibling
P895441,P356000,spouse
P895441,P540730,parent
P895441,P718075,parent
P895932,P419286,parent
P896491,P842519,parent
P896491,P913106,parent
P896491,P984009,parent
P896701,P118154,spouse
P896701,P225593,parent
P898235,P366083,parent
P898235,P955068,parent
P898506,P135068,parent
P898506,P837346,parent
P899777,P433579,sibling
P900026,P825301,sibling
P900242,P777126,spouse
P900974,P609777,spouse
P900974,P884606,parent
P900974,P988153,parent
P901125,P199795,parent
P901125,P705414,spouse
P901203,P267037,sibling
P901203,P561254,sibling
P902059,P360983,sibling
P904187,P540613,parent
P904187,P614056,spouse
P906485,P101846,parent
P906485,P163657,spouse
P906485,P262869,parent
P907407,P670634,sibling
P907407,P795061,sibling
P908155,P730098,parent
P908543,P627009,sibling
P908642,P129671,parent
P908642,P937331,parent
P910758,P655671,parent
P910865,P168531,parent
P910865,P392835,parent
P910888,P201342,sibling
P910888,P535072,sibling
P910888,P574978,sibling
P911331,P269492,parent
P911331,P490297,parent
P911331,P809133,parent
P911331,P966958,parent
P911746,P988181,parent
P912125,P175354,spouse
P912125,P265107,parent
P912374,P307667,parent
P912374,P777801,parent
P912844,P898506,sibling
P912850,P466916,parent
P912850,P760478,parent
P912850,P871713,spouse
P913106,P842519,sibling
P913568,P653589,sibling
P914984,P149980,spouse
P915414,P230040,parent
P915674,P168303,sibling
P916830,P211760,sibling
P916830,P818493,sibling
P917051,P409107,parent
P917051,P509658,parent
P917051,P518946,spouse
P917051,P746293,parent
P917051,P789248,parent
P917126,P149980,sibling
P917126,P793528,parent
P917259,P439720,sibling
P917259,P457101,sibling
P917333,P428805,parent
P917333,P787859,parent
P917333,P864558,spouse
P918331,P350534,parent
P918331,P474651,parent
P919181,P109650,parent
P919181,P961826,spouse
P919181,P996428,parent
P920857,P311540,parent
P921358,P981522,spouse
P922159,P749271,parent
P923003,P352231,spouse
P924222,P568138,parent
P924222,P731115,spouse
P924331,P408565,parent
P924331,P429155,parent
P924474,P259072,sibling
P925887,P742910,parent
P925887,P779712,parent
P925887,P797430,spouse
P926926,P318680,parent
P926926,P367273,parent
P926926,P549531,parent
P926926,P986615,spouse
P927027,P123109,parent
P927027,P277502,spouse
P927027,P395097,parent
P927063,P522519,parent
P927063,P594039,spouse
P927063,P623049,parent
P927080,P335094,parent
P927080,P449830,parent
P927080,P719363,spouse
P927420,P157613,parent
P927420,P542391,parent
P927420,P672566,spouse
P928244,P642981,sibling
P928666,P164632,parent
P929490,P419286,parent
P929490,P895932,spouse
P929599,P975667,parent
P929997,P100973,parent
P929997,P876772,parent
P931081,P162907,spouse
P931081,P390588,parent
P931081,P794124,parent
P931366,P633701,spouse
P931519,P714301,parent
P931519,P895441,parent
P932963,P137981,parent
P932963,P424190,parent
P933764,P211760,parent
P933764,P818493,parent
P933764,P916830,parent
P934150,P505792,spouse
P935138,P766281,sibling
P935279,P377460,sibling
P936388,P200100,sibling
P936388,P959425,sibling
P936480,P472695,spouse
P936545,P953751,sibling
P936915,P318379,parent
P936915,P829205,parent
P937169,P672326,spouse
P937331,P758776,spouse
P938090,P373866,sibling
P938248,P271352,parent
P938248,P280687,parent
P938248,P471804,parent
P938248,P685903,spouse
P939165,P515225,sibling
P940137,P304246,parent
P940137,P339546,parent
P940137,P613214,parent
P940137,P785434,parent
P941247,P194876,parent
P941247,P680697,spouse
P941658,P932143,parent
P942843,P588081,parent
P942843,P929997,spouse
P942843,P988181,parent
P944825,P264613,parent
P944825,P292389,parent
P944825,P685147,spouse
P945129,P824655,sibling
P945229,P532084,parent
P945229,P840349,spouse
P945719,P159750,spouse
P945719,P655084,parent
P945719,P986240,parent
P945802,P568571,sibling
P945802,P685347,sibling
P945870,P587696,sibling
P946335,P157121,parent
P946335,P691743,parent
P946410,P317181,parent
P946410,P390252,parent
P946410,P833950,spouse
P946483,P968729,sibling
P947066,P142246,spouse
P947066,P313931,parent
P947066,P414692,parent
P948406,P155345,sibling
P949025,P931492,parent
P949086,P576300,sibling
P951685,P409315,spouse
P951685,P636060,parent
P952572,P360606,parent
P952572,P748724,spouse
P952572,P799882,parent
P953308,P842956,parent
P953308,P912374,spouse
P954979,P339461,sibling
P954979,P783825,sibling
P955068,P366083,sibling
P956137,P249244,parent
P956179,P642981,parent
P956179,P836327,spouse
P956179,P928244,parent
P957169,P867316,parent
P957169,P959052,parent
P957345,P382279,parent
P957345,P482918,parent
P957345,P705516,parent
P957663,P891317,sibling
P957798,P177861,parent
P957798,P473952,parent
P957798,P823759,parent
P958696,P266085,spouse
P958894,P114630,spouse
P959052,P562960,parent
P959391,P182410,sibling
P959391,P572360,sibling
P961399,P211055,parent
P961481,P175745,parent
P961481,P851987,parent
P961826,P109650,parent
P961826,P996428,parent
P963201,P573391,parent
P963201,P968076,parent
P963496,P385462,parent
P963496,P645292,parent
P963898,P354318,spouse
P964324,P351028,parent
P964429,P145732,spouse
P964429,P262905,parent
P964429,P503634,parent
P964455,P298985,parent
P964634,P937169,parent
P964638,P908446,spouse
P964844,P144586,parent
P964844,P195750,spouse
P964844,P945997,parent
P964916,P892454,parent
P964916,P998121,parent
P965727,P237977,parent
P965727,P616094,parent
P965727,P816753,parent
P967610,P680389,spouse
P967806,P252392,parent
P967806,P707886,parent
P968263,P331496,parent
P968263,P386888,parent
P968263,P458204,parent
P968675,P115903,sibling
P968675,P623866,sibling
P968902,P957173,sibling
P970665,P577047,spouse
P970665,P934279,parent
P970915,P187423,parent
P970915,P588682,parent
P971158,P281503,parent
P971158,P981867,parent
P971175,P504761,sibling
P972113,P219263,parent
P972113,P268070,parent
P972113,P881222,spouse
P972138,P237577,sibling
P972262,P798463,spouse
P973525,P138083,spouse
P973525,P220275,parent
P973525,P605863,parent
P973525,P641817,parent
P974091,P729340,parent
P974278,P947791,sibling
P974281,P701846,sibling
P974396,P557227,parent
P975359,P560266,parent
P975359,P931081,parent
P975728,P306971,spouse
P978039,P341338,spouse
P978059,P215187,parent
P978059,P294447,parent
P978175,P518406,parent
P978175,P778920,spouse
P978175,P798948,parent
P978546,P376757,spouse
P979721,P950505,sibling
P980216,P557227,parent
P980216,P974396,spouse
P980563,P584575,parent
P980832,P965472,parent
P980909,P148812,sibling
P981067,P394471,sibling
P981396,P415909,parent
P981396,P802618,parent
P981396,P851807,parent
P981775,P675221,parent
P982097,P140999,spouse
P982097,P823747,parent
P983389,P582904,sibling
P983389,P604278,sibling
P983389,P866365,sibling
P983623,P221135,parent
P984009,P842519,sibling
P984009,P913106,sibling
P984316,P231682,parent
P984316,P709610,parent
P984413,P151290,sibling
P984413,P439787,parent
P984413,P441544,spouse
P984413,P716339,parent
P984413,P910713,parent
P984707,P291586,parent
P984707,P673051,spouse
P986240,P655084,sibling
P986615,P318680,parent
P986615,P367273,parent
P986615,P549531,parent
P987402,P164223,parent
P987402,P236141,spouse
P987402,P861866,parent
P987577,P821732,parent
P988576,P154412,parent
P988576,P649305,parent
P988665,P330887,sibling
P988665,P480579,sibling
P988665,P836379,sibling
P989135,P811307,parent
P989135,P982672,parent
P989460,P535547,parent
P989834,P783556,parent
P989834,P845285,parent
P990037,P627966,sibling
P990037,P941568,sibling
P990176,P271262,sibling
P990475,P210392,parent
P990475,P485131,parent
P990475,P634902,parent
P990735,P211605,parent
P990735,P495448,spouse
P990735,P512282,parent
P990735,P641778,parent
P990952,P413591,sibling
P990952,P667163,sibling
P991555,P339461,parent
P991555,P783825,parent
P991555,P954979,parent
P992136,P177214,sibling
P992750,P329446,sibling
P992780,P553054,spouse
P992780,P725879,parent
P992780,P838874,parent
P993781,P176188,parent
P994136,P854254,sibling
P994661,P584537,spouse
P996428,P109650,sibling
P996602,P374598,spouse
P996744,P367180,spouse
P997641,P109486,sibling
P997641,P204894,sibling
P997949,P115903,parent
P997949,P535997,parent
P997949,P623866,parent
P997949,P968675,parent
P998121,P892454,sibling
P998204,P964015,parent
P998404,P307037,spouse
P998404,P521369,parent
P998404,P593011,parent
P998404,P696461,parent
P998774,P918543,spouse
P999065,P541690,sibling
