return_id,dependent_person_id
RT10037792,P117242
RT10037792,P151670
RT10042977,P811307
RT10042977,P982672
RT10697544,P623049
RT10833618,P817005
RT11013817,P153278
RT11203269,P766281
RT11203269,P935138
RT11220432,P400051
RT11220432,P563392
RT11220432,P842270
RT11342373,P144586
RT11469938,P333002
RT11518657,P803229
RT11691006,P384805
RT11691006,P913916
RT12112125,P413591
RT12112125,P667163
RT12112125,P990952
RT12134552,P498611
RT12134552,P563584
RT12425591,P979318
RT13160390,P168303
RT13160390,P915674
RT13308586,P355867
RT13308586,P956643
RT13338955,P346648
RT13631551,P202881
RT13862601,P751051
RT14062814,P323860
RT14261457,P355867
RT14261457,P636891
RT14851597,P377460
RT14851597,P890221
RT14851597,P935279
RT15020522,P361729
RT15020522,P387436
RT15020522,P387600
RT15408207,P460860
RT15408207,P890944
RT15410392,P507751
RT15410392,P695360
RT15762087,P541690
RT15762087,P571812
RT15762087,P999065
RT15839758,P437399
RT15839758,P907193
RT16499707,P155345
RT16499707,P948406
RT16791359,P650759
RT16791359,P833907
RT16949292,P670634
RT16949292,P795061
RT16949292,P907407
RT17105535,P758420
RT17105535,P789533
RT17460804,P514163
RT17463033,P851467
RT17721722,P945196
RT18004661,P173873
RT18179995,P756434
RT18179995,P886680
RT18459745,P290155
RT18459745,P477911
RT18898779,P466508
RT18898779,P593587
RT18898779,P887435
RT18976158,P388693
RT19113100,P296171
RT19207552,P421112
RT19462266,P106090
RT19462266,P709389
RT19632421,P507707
RT19632421,P614065
RT20046483,P280616
RT20046483,P496100
RT20046483,P630232
RT20107662,P199737
RT20595475,P244930
RT20598265,P133000
RT20598265,P833264
RT20703142,P826657
RT20911465,P957173
RT20911465,P968902
RT21583587,P199503
RT21583587,P487374
RT21583587,P746385
RT21677783,P185324
RT21708682,P129731
RT21708682,P696592
RT21795107,P864772
RT21796932,P143231
RT21796932,P540730
RT21796932,P718075
RT21818319,P129648
RT22128726,P974516
RT22248349,P339546
RT22248349,P613214
RT22248349,P785434
RT22482770,P491713
RT22482770,P870108
RT23263809,P458483
RT23763816,P197224
RT23763816,P487375
RT24094184,P778306
RT24681380,P841081
RT24773562,P386860
RT24773562,P852467
RT24802758,P419286
RT25213983,P182333
RT25331625,P390588
RT25432728,P665352
RT25432728,P752520
RT25590550,P486015
RT25590550,P753372
RT25625873,P746563
RT25716441,P249244
RT25724359,P631320
RT25724359,P791116
RT26104888,P165923
RT26104888,P448799
RT26104888,P450416
RT26479791,P922626
RT26490826,P540613
RT27261684,P585302
RT27261684,P606245
RT27261684,P648403
RT27261684,P925423
RT27360489,P455259
RT27727600,P215187
RT27727600,P294447
RT28434728,P348262
RT28908662,P521369
RT28908662,P593011
RT28908662,P696461
RT29045779,P460720
RT29045779,P490296
RT29464502,P502844
RT29503850,P319924
RT29503850,P535868
RT29503850,P543753
RT29503850,P756884
RT29625634,P854254
RT29625634,P994136
RT29658880,P168132
RT29658880,P226955
RT29732542,P237577
RT29732542,P612040
RT29732542,P972138
RT29811660,P146077
RT29811660,P679031
RT30278256,P129331
RT30306869,P956120
RT30470803,P573321
RT30701402,P156443
RT30701402,P625284
RT30706091,P381533
RT30706091,P592624
RT30741841,P837436
RT30762074,P586957
RT30762074,P668546
RT30762074,P987361
RT31309147,P238733
RT31493340,P391021
RT31493340,P836767
RT31493340,P885970
RT31513605,P219263
RT31513605,P268070
RT31827523,P898930
RT32135920,P168190
RT32135920,P273130
RT32135920,P551595
RT32135920,P765463
RT32657966,P249614
RT32657966,P349347
RT32708924,P931492
RT33287137,P169278
RT33287137,P444902
RT33826849,P884606
RT33826849,P988153
RT33902768,P187423
RT33902768,P588682
RT34189114,P137478
RT34189114,P734269
RT34321076,P892454
RT34354096,P298047
RT34354096,P691977
RT34432361,P329140
RT34432361,P848200
RT34639539,P167210
RT34777532,P598637
RT34777532,P732811
RT35297468,P130417
RT35297468,P713652
RT35297468,P839312
RT35321677,P448231
RT35321677,P526875
RT35349744,P760728
RT35607873,P437826
RT35823066,P185987
RT35900490,P260630
RT35900490,P405808
RT35900490,P579762
RT36173550,P541515
RT37135978,P538533
RT37154886,P103379
RT37154886,P114724
RT37154886,P125501
RT37158966,P549541
RT37158966,P622645
RT37507444,P231682
RT37507444,P709610
RT37535959,P180915
RT37535959,P273651
RT37535959,P762298
RT37535959,P942652
RT38293681,P444782
RT38293681,P562243
RT38699957,P932143
RT38700200,P869745
RT39252803,P269492
RT39252803,P490297
RT39252803,P809133
RT39252803,P966958
RT39394704,P716236
RT39753224,P232409
RT39815134,P288620
RT39815134,P488873
RT39815134,P956814
RT40416839,P754777
RT40744465,P109650
RT40744465,P996428
RT41625134,P778942
RT41625134,P818645
RT41625134,P855072
RT41842898,P195409
RT41909862,P115903
RT41909862,P623866
RT41909862,P968675
RT42060403,P182410
RT42060403,P572360
RT42060403,P959391
RT42284656,P735040
RT42317304,P281503
RT42317304,P981867
RT42335161,P199795
RT42586489,P716339
RT42586489,P910713
RT42643593,P137981
RT42714284,P154708
RT42714284,P793827
RT43916560,P225593
RT44410104,P271262
RT44410104,P741416
RT44410104,P990176
RT44419731,P649965
RT44419731,P680120
RT44564275,P749271
RT44572260,P925673
RT44626000,P884761
RT44897875,P114322
RT44902624,P733558
RT45002565,P101846
RT45002565,P262869
RT45250893,P323630
RT45250893,P873827
RT45645035,P191473
RT45712051,P594260
RT45712051,P685691
RT45712051,P774093
RT45712051,P807952
RT45800048,P981067
RT45918022,P965986
RT45948939,P561084
RT45948939,P723209
RT46331641,P580301
RT46768052,P433579
RT46768052,P785333
RT46768052,P899777
RT46859305,P627966
RT46859305,P941568
RT46859305,P990037
RT47340967,P416778
RT47340967,P839307
RT47991160,P375413
RT48086916,P478775
RT48155987,P970540
RT48389431,P160164
RT48789846,P177214
RT48789846,P992136
RT49213644,P210392
RT49213644,P485131
RT49213644,P634902
RT49843816,P330887
RT49843816,P480579
RT49843816,P836379
RT49843816,P988665
RT50158791,P545224
RT50178692,P209463
RT50178692,P275101
RT50178692,P780460
RT50269013,P105788
RT50793640,P596129
RT50793640,P621821
RT50793640,P667832
RT50793640,P699620
RT50932728,P271352
RT50932728,P280687
RT50932728,P471804
RT51115662,P161853
RT51115662,P428893
RT51976403,P788494
RT52311533,P397128
RT52311533,P573875
RT52380423,P369073
RT52440796,P120616
RT52440796,P174881
RT52440796,P601365
RT52446043,P361306
RT52446043,P835606
RT52647594,P541816
RT52647594,P804014
RT53224078,P288991
RT53224078,P312823
RT53224078,P623863
RT53329963,P648839
RT53329963,P883714
RT53339336,P738686
RT53464253,P360983
RT53464253,P902059
RT54002821,P175880
RT54151812,P453107
RT54511389,P406107
RT54530514,P200100
RT54530514,P936388
RT54530514,P959425
RT54645643,P432416
RT54645643,P768651
RT54951245,P312353
RT54951245,P455497
RT55768918,P339461
RT55768918,P783825
RT55768918,P954979
RT56022326,P562960
RT56034746,P946483
RT56034746,P968729
RT56447303,P105902
RT56447303,P770885
RT56468736,P408565
RT56468736,P429155
RT56792219,P751894
RT56812564,P466916
RT56812564,P760478
RT56815052,P431774
RT56815052,P725731
RT56959604,P223504
RT56959604,P539124
RT56959604,P696061
RT57121204,P268525
RT57121204,P445251
RT57212829,P211760
RT57212829,P818493
RT57212829,P916830
RT57860551,P310773
RT57924364,P745347
RT57924364,P947670
RT58182513,P220385
RT58182513,P857607
RT58283866,P373866
RT58283866,P938090
RT58443731,P642981
RT58443731,P928244
RT58722171,P701846
RT58722171,P974281
RT59094330,P342312
RT59094330,P648012
RT59094330,P761916
RT59094330,P806596
RT59131166,P947791
RT59131166,P974278
RT59168742,P338268
RT59523699,P347294
RT59523699,P997863
RT59635313,P252392
RT59635313,P707886
RT60570954,P629392
RT61614817,P218247
RT61614817,P414469
RT61614817,P613431
RT61708581,P953751
RT61832865,P296099
RT61857299,P388262
RT62099034,P382279
RT62099034,P482918
RT62099034,P705516
RT62222682,P161404
RT62222682,P470113
RT62222682,P790425
RT62605609,P655084
RT62605609,P986240
RT62905739,P914685
RT63074669,P242201
RT63074669,P307721
RT63074669,P415210
RT63105719,P436870
RT63105719,P762357
RT63302342,P950505
RT63302342,P979721
RT63426872,P901107
RT63504917,P809901
RT63504917,P871093
RT63575214,P151645
RT63575214,P247666
RT63575214,P561825
RT63575214,P599486
RT63742096,P407963
RT63742096,P475184
RT63742096,P817223
RT63742096,P855838
RT63939991,P437687
RT63939991,P818285
RT64195616,P491893
RT64195616,P821779
RT64197676,P439720
RT64197676,P457101
RT64197676,P917259
RT64340604,P191636
RT64340604,P919098
RT64531243,P939099
RT64677993,P841233
RT64677993,P902248
RT65320854,P781407
RT66516221,P385594
RT66516221,P509058
RT66516221,P901540
RT66686059,P337454
RT66686059,P699718
RT66686059,P751746
RT66930070,P823747
RT67168333,P118206
RT67168333,P918801
RT67528391,P138901
RT67528391,P945870
RT67551900,P380474
RT67551900,P511481
RT67558844,P151613
RT67558844,P253345
RT67558844,P512444
RT68008981,P429761
RT68326223,P148812
RT68326223,P980909
RT68442275,P318379
RT68442275,P829205
RT68833090,P653589
RT68833090,P913568
RT69103734,P194054
RT69488545,P586965
RT69488545,P761365
RT69529618,P267434
RT69529618,P273849
RT69529618,P451996
RT69529618,P560987
RT69819610,P648096
RT69844556,P276203
RT69844556,P524700
RT69999489,P793139
RT70037432,P636060
RT70124131,P597469
RT70479103,P262905
RT70479103,P503634
RT70495190,P167210
RT70628494,P164784
RT70866293,P821732
RT71002447,P227028
RT71002447,P418454
RT71120271,P507897
RT71120271,P885553
RT71887942,P310493
RT71887942,P492573
RT71887942,P823637
RT72213704,P256030
RT72213704,P417315
RT72346805,P166357
RT72346805,P857717
RT72633499,P336270
RT72633499,P596958
RT72633499,P652928
RT72633499,P765619
RT73261828,P568138
RT73319491,P584557
RT73528985,P909191
RT73892308,P478263
RT73892308,P794553
RT74104664,P333153
RT74104664,P549120
RT74104664,P643811
RT74104664,P678409
RT74586794,P132437
RT74586794,P151127
RT74586794,P287478
RT74586794,P402058
RT75119849,P151537
RT75348252,P740592
RT75348252,P774040
RT75381144,P877497
RT75381144,P907546
RT75452974,P106039
RT75452974,P803882
RT75452974,P871791
RT75793590,P889097
RT75793590,P893347
RT75824720,P237977
RT75824720,P616094
RT75824720,P816753
RT75948354,P469423
RT75948354,P757375
RT75957723,P211055
RT76090692,P377332
RT76090692,P939982
RT76136854,P219006
RT76136854,P219432
RT76136854,P391962
RT76313838,P107856
RT76417124,P336674
RT76417124,P363079
RT76417124,P441381
RT76667977,P397805
RT76667977,P723071
RT76667977,P853305
RT76758100,P409107
RT76758100,P509658
RT76758100,P746293
RT76758100,P789248
RT76986447,P194876
RT77187205,P240899
RT77187205,P776216
RT77446231,P265107
RT78033988,P671333
RT78775855,P725879
RT78775855,P838874
RT79152621,P633790
RT79152621,P688959
RT79343273,P739611
RT79343273,P768389
RT79366626,P109486
RT79366626,P204894
RT79366626,P997641
RT80129939,P949086
RT80308167,P176982
RT80347118,P128731
RT80347118,P548955
RT80347118,P575601
RT80445619,P264357
RT80582717,P211605
RT80582717,P512282
RT80582717,P641778
RT81434881,P103051
RT81648600,P199473
RT81648600,P224092
RT82149767,P352619
RT82149767,P535510
RT82207227,P504761
RT82207227,P528625
RT82207227,P575732
RT82207227,P971175
RT82304130,P934838
RT82383122,P728886
RT82390167,P157613
RT82390167,P542391
RT82516804,P975667
RT82592198,P627009
RT82592198,P908543
RT82961977,P515225
RT82961977,P851868
RT82961977,P939165
RT84627646,P177861
RT84627646,P473952
RT84627646,P823759
RT84663963,P286270
RT84663963,P511046
RT84663963,P550276
RT84663963,P780868
RT85168154,P220275
RT85168154,P605863
RT85168154,P641817
RT85488487,P107087
RT85488487,P313996
RT85492718,P407553
RT85492718,P894967
RT85717610,P729340
RT85736992,P415481
RT85736992,P761152
RT85903208,P286265
RT85903208,P555008
RT85990644,P267037
RT85990644,P561254
RT85990644,P901203
RT86009021,P366083
RT86009021,P955068
RT86091143,P291574
RT86091143,P462974
RT86091143,P570882
RT86135623,P801190
RT86135623,P882519
RT86135623,P951203
RT86588977,P666107
RT86955130,P711204
RT86955130,P732381
RT87508635,P569068
RT87584334,P336528
RT87627835,P331496
RT87627835,P386888
RT87627835,P458204
RT87831688,P582904
RT87831688,P604278
RT87831688,P866365
RT87831688,P983389
RT88004738,P598816
RT88492431,P428805
RT88492431,P787859
RT88548471,P329446
RT88548471,P992750
RT88656763,P976947
RT89056208,P123109
RT89056208,P395097
RT89182485,P583895
RT89302261,P797798
RT89525088,P783556
RT89525088,P845285
RT89652543,P308105
RT89652543,P866916
RT89671799,P402069
RT89671799,P764760
RT89730351,P185302
RT90319689,P143556
RT90319689,P372206
RT90351316,P462128
RT90351316,P983798
RT90567131,P317181
RT90567131,P390252
RT90973058,P793528
RT91480239,P318680
RT91480239,P367273
RT91480239,P549531
RT91813990,P525632
RT91950200,P750394
RT92249541,P565651
RT92249541,P977448
RT92404787,P164223
RT92404787,P861866
RT92786477,P204782
RT92786477,P580763
RT92916175,P908042
RT93114158,P474930
RT93114158,P543390
RT93410752,P777512
RT93624926,P214282
RT93624926,P601377
RT93863156,P170143
RT93863156,P192812
RT93975204,P145658
RT93975204,P998233
RT94152624,P636287
RT94180054,P294749
RT94237306,P771653
RT94452996,P414030
RT94661422,P826793
RT94755530,P934279
RT94881645,P463957
RT94881645,P884633
RT94994746,P369073
RT95001122,P722641
RT95293252,P825301
RT95293252,P900026
RT95418059,P387072
RT95627588,P964015
RT95843797,P138890
RT95843797,P937679
RT95886156,P424098
RT96511052,P837346
RT96726933,P150781
RT96726933,P809210
RT97165511,P201342
RT97165511,P535072
RT97165511,P574978
RT97165511,P910888
RT98264274,P223067
RT98396553,P161246
RT98452228,P976453
RT98685627,P335094
RT98685627,P449830
RT99015883,P166877
RT99015883,P242879
RT99015883,P396890
RT99015883,P706580
RT99044639,P264613
RT99044639,P292389
RT99289474,P168531
RT99289474,P392835
